57982     	0.0556	47.0137	59922.3
208243    	0.1436	56.7182	150237.1
357581    	0.2290	60.7022	150317.1
506699    	0.3127	63.3550	149860.0
655433    	0.3950	65.0602	150365.6
804022    	0.4766	66.2215	150259.6
952490    	0.5572	67.3380	150634.9
1101338   	0.6378	68.3910	150754.9
1249530   	0.7178	69.0441	149485.1
1399164   	0.7978	69.7578	150761.4
1548376   	0.8769	70.3830	150312.6
1698086   	0.9564	70.8035	150540.9
1847352   	1.0355	70.9222	150424.4
1998435   	1.1149	71.5896	150704.6
2149549   	1.1936	72.2004	150450.7
2299338   	1.2718	72.5165	150930.4
2448606   	1.3500	73.2391	149663.1
2600038   	1.4284	73.4554	151340.3
2751479   	1.5070	73.7089	150070.1
2903605   	1.5856	73.6619	150385.8
3054467   	1.6631	74.3313	149964.1
3205329   	1.7409	74.5809	150493.9
3357007   	1.8183	74.8120	150602.1
3508338   	1.8965	74.7555	150655.1
3660162   	1.9743	75.0764	149833.8
3813448   	2.0522	75.5272	151213.6
3966414   	2.1299	75.5117	150410.5
4119710   	2.2072	76.2390	151204.6
4271378   	2.2845	76.0519	149625.9
4424278   	2.3620	76.3996	150568.0
4577281   	2.4393	77.0661	150432.4
4731443   	2.5164	76.9133	151114.5
4884685   	2.5937	77.0665	150298.3
5038676   	2.6711	77.3430	150630.4
5192550   	2.7486	77.4025	150122.0
5347301   	2.8259	77.4230	150593.1
5501347   	2.9033	77.7678	149986.3
5656298   	2.9807	77.8575	150733.5
5811155   	3.0581	78.0263	150047.1
5965603   	3.1353	78.2054	149741.9
6121633   	3.2127	78.4940	151345.7
6276607   	3.2895	78.4791	149821.3
6432536   	3.3673	78.4561	151442.7
6588295   	3.4443	78.6846	149867.0
6744001   	3.5215	78.8963	150277.4
6899125   	3.5992	78.9526	149750.6
7055828   	3.6766	79.1292	150102.9
7212122   	3.7540	79.3356	149691.7
7369650   	3.8319	79.4398	150630.5
7527254   	3.9093	79.4076	150761.0
7684801   	3.9868	79.4222	150867.3
7841537   	4.0646	79.6520	149683.5
7999577   	4.1424	79.5644	150790.3
8158388   	4.2198	79.8493	150939.9
8316485   	4.2980	79.9557	150051.4
8474948   	4.3757	80.2045	150686.9
8633694   	4.4532	80.2774	150164.8
8792440   	4.5312	80.1507	150822.7
8951291   	4.6090	80.4783	149788.2
9111030   	4.6869	80.5714	150614.5
9271026   	4.7644	80.6346	150544.7
9430171   	4.8424	80.7767	150358.0
9590455   	4.9205	80.7941	150903.5
9750640   	4.9985	81.0387	150116.1
9911479   	5.0766	80.9691	150513.6
10071773  	5.1546	81.1005	150715.4
10233108  	5.2331	81.2027	150696.6
10393919  	5.3112	81.4450	149580.2
10556273  	5.3897	81.3265	151108.6
10718706  	5.4679	81.5401	150561.2
10880740  	5.5462	81.6497	150882.0
11042488  	5.6246	81.5155	150288.5
11204454  	5.7029	81.7526	150474.8
11365988  	5.7813	82.0963	149271.7
11528845  	5.8594	82.0680	150799.5
11692354  	5.9383	82.1214	150774.8
11855959  	6.0171	81.9230	150221.6
12020052  	6.0958	82.1726	151125.1
12183591  	6.1741	82.1707	150216.0
12346432  	6.2534	82.0656	150420.6
12511078  	6.3325	82.3767	150597.1
12676188  	6.4117	82.2398	150836.2
12840389  	6.4910	82.6110	149685.3
13005533  	6.5701	82.3685	150579.2
13171483  	6.6493	82.6334	150955.0
13336601  	6.7285	82.9017	150170.5
13502205  	6.8071	82.9813	150184.1
13667159  	6.8865	82.9711	150517.7
13832575  	6.9661	82.6185	149748.9
13999157  	7.0455	82.8820	150888.5
14165034  	7.1251	83.0224	149872.4
14331422  	7.2049	82.9627	150377.7
14499055  	7.2848	83.1643	150773.2
14666225  	7.3647	83.2970	150375.2
14834459  	7.4446	83.1562	150577.0
15002267  	7.5240	83.5429	150724.3
15169289  	7.6038	83.5731	150037.2
15337605  	7.6832	83.6160	150780.1
15505017  	7.7634	83.5255	150397.1
15673532  	7.8435	83.8015	150255.0
15842835  	7.9237	83.7912	150543.1
16012051  	8.0042	83.5822	150548.0
16182082  	8.0846	83.6422	150830.8
16351667  	8.1649	83.7394	150146.5
16521069  	8.2448	84.0424	150058.3
16690961  	8.3257	84.1329	150548.2
16860162  	8.4062	84.1069	148957.8
17030932  	8.4871	83.9711	150718.6
17201422  	8.5675	84.0559	150166.5
17372326  	8.6481	84.2526	150920.5
17543789  	8.7288	84.3163	150797.3
17714845  	8.8093	84.4949	150276.5
17885919  	8.8900	84.5902	150719.5
18056483  	8.9706	84.5048	149534.0
18228267  	9.0517	84.4586	151090.2
18400391  	9.1326	84.4565	150645.7
18572358  	9.2135	84.5995	150612.6
18745096  	9.2951	84.5876	150658.8
18918341  	9.3758	84.7961	150608.4
19090536  	9.4570	84.6294	150437.9
19262762  	9.5383	84.7992	150056.6
19435567  	9.6191	84.8595	150714.1
19608427  	9.7004	85.0749	150354.4
19781857  	9.7817	85.0986	150227.0
19954839  	9.8633	85.2788	149988.8
20128862  	9.9443	85.2654	150581.6
20302397  	10.0257	85.0489	150723.5
20475894  	10.1071	85.3222	150137.4
20649518  	10.1884	85.2402	150260.2
20824365  	10.2700	85.3235	151217.1
20997256  	10.3512	85.3354	148860.0
21172668  	10.4329	85.5018	151393.0
21346934  	10.5139	85.4704	150479.4
21520504  	10.5951	85.5160	150110.0
21695442  	10.6765	85.6440	151100.8
21869030  	10.7580	85.5398	149520.7
22044702  	10.8397	85.6814	151110.8
22219065  	10.9211	85.8375	149833.3
22394489  	11.0024	85.7942	150982.5
22569298  	11.0844	85.8556	150443.9
22743530  	11.1659	85.7329	149300.2
22918745  	11.2477	85.6019	150436.2
23094245  	11.3290	85.9848	150539.6
23268535  	11.4101	85.9973	150131.2
23444247  	11.4911	86.0662	150906.5
23618264  	11.5727	85.8718	150278.9
23794633  	11.6544	85.8728	151121.0
23970092  	11.7361	85.6853	150363.6
24145726  	11.8176	85.9333	150331.5
24321585  	11.8989	86.1506	150754.9
24495906  	11.9802	86.1373	149871.8
24672474  	12.0620	86.2904	151199.1
24847215  	12.1429	86.2828	149571.5
25023218  	12.2242	86.4504	150857.2
25199213  	12.3056	86.2844	150796.7
25374752  	12.3863	86.2414	150343.7
25549889  	12.4680	86.5503	150593.3
25726164  	12.5493	86.2733	150449.1
25902039  	12.6304	86.4961	151035.9
26077130  	12.7118	86.4562	150085.5
26252261  	12.7932	86.5606	149612.0
26428997  	12.8746	86.6455	150732.8
26605033  	12.9557	86.6851	150308.2
26780962  	13.0368	86.6398	150855.3
26957134  	13.1180	86.8786	150259.2
27132930  	13.1992	86.8585	150208.2
27310161  	13.2805	86.7302	151030.5
27485783  	13.3616	87.1319	150117.9
27662650  	13.4423	86.9126	150820.3
27838500  	13.5229	87.1606	150312.5
28013757  	13.6038	87.2239	150610.4
28190129  	13.6852	87.0381	150519.9
28366918  	13.7664	86.9494	150632.7
28543909  	13.8472	87.2501	150707.5
28719754  	13.9282	87.2634	149967.3
28896214  	14.0088	87.2273	150501.8
29072316  	14.0902	87.2838	150567.7
29248774  	14.1713	87.1898	150568.1
29425487  	14.2524	87.4704	150552.7
29602806  	14.3331	87.1650	150692.6
29778672  	14.4145	87.3305	150563.4
29956511  	14.4960	87.2334	150460.8
30133796  	14.5772	87.3915	150532.8
30310682  	14.6582	87.3838	150487.4
30487999  	14.7396	87.2742	150692.7
30665163  	14.8202	87.4563	150373.0
30841670  	14.9006	87.5263	150680.3
31016702  	14.9817	87.5776	149859.5
31194567  	15.0628	87.6415	151064.0
31372033  	15.1440	87.6600	150708.6
31549358  	15.2248	87.4742	150265.0
31725765  	15.3053	87.8456	150823.9
31902057  	15.3854	87.8006	150119.7
32077369  	15.4659	87.7264	150390.6
32254585  	15.5467	87.9633	150811.1
32431255  	15.6274	87.7127	150057.0
32608244  	15.7080	87.9273	150651.6
32784940  	15.7885	87.9613	150642.9
32961593  	15.8695	87.7377	150519.8
33139171  	15.9506	87.9973	150491.1
33316896  	16.0314	87.7543	150475.8
33495020  	16.1123	87.9145	151107.2
33672314  	16.1928	88.0286	150327.4
33849053  	16.2737	88.1512	150279.9
34026582  	16.3543	88.1892	150568.9
34203424  	16.4348	88.3090	150288.3
34381772  	16.5157	88.3145	150832.5
34558982  	16.5962	88.2933	150326.9
34735833  	16.6768	88.0619	150295.1
34913901  	16.7571	88.2600	151125.6
35089873  	16.8373	88.6615	150250.8
35267564  	16.9180	88.2450	150532.4
35444955  	16.9991	88.3420	150392.3
35623354  	17.0799	88.2931	150622.0
35801309  	17.1603	88.1242	150637.4
35978637  	17.2413	88.3110	150286.1
36157418  	17.3224	88.5462	150903.8
36335907  	17.4032	88.4775	150612.7
36514102  	17.4841	88.4183	150300.7
36692376  	17.5646	88.4882	150551.1
36869402  	17.6450	88.5168	150529.9
37047562  	17.7259	88.5694	150749.6
37225962  	17.8068	88.3398	150491.8
37404006  	17.8876	88.6070	150346.4
37583170  	17.9686	88.6479	151018.2
37761362  	18.0493	88.7004	150201.4
37940705  	18.1301	88.7571	151195.2
38118711  	18.2107	88.8903	149985.2
38297536  	18.2914	88.9718	150362.3
38476699  	18.3722	88.7119	151135.4
38655079  	18.4524	88.9509	150403.6
38833175  	18.5332	88.7413	150805.1
39012515  	18.6143	88.7051	150355.1
39190723  	18.6950	89.0584	149856.9
39370351  	18.7759	88.9318	151191.0
39549109  	18.8561	88.8325	150507.2
39725242  	18.9362	88.7558	149628.5
39903188  	19.0170	89.0642	150367.0
40082851  	19.0977	88.9997	150758.4
40261925  	19.1785	88.9653	150926.4
40440241  	19.2589	89.0182	150365.2
40619137  	19.3392	89.2193	150606.5
40798035  	19.4205	89.1411	150528.4
40977242  	19.5012	89.1171	149831.5
41156610  	19.5817	89.1313	150534.6
41335581  	19.6621	89.2007	150620.1
41513001  	19.7425	90.1343	149612.4
41692528  	19.8232	89.3432	150888.5
41870657  	19.9037	89.2573	149256.7
42050127  	19.9843	89.3982	151150.6
42229149  	20.0648	89.1616	149997.6
42407859  	20.1452	89.1934	150464.2
42586982  	20.2260	89.3617	150939.8
42764832  	20.3065	89.3433	149033.6
42943983  	20.3872	89.3567	150587.8
43122783  	20.4676	89.5850	149876.7
43302906  	20.5477	89.4944	151143.0
43481897  	20.6284	89.6697	150832.4
43660386  	20.7090	90.4634	149326.6
43840173  	20.7894	89.4715	150648.4
44020227  	20.8702	89.6072	150766.7
44199748  	20.9506	89.4790	150319.4
44379583  	21.0312	89.6418	150980.1
44558612  	21.1118	89.7059	149810.7
44738174  	21.1924	89.6794	150327.6
44918811  	21.2725	89.7397	151115.7
45097924  	21.3527	89.7292	150326.9
45276491  	21.4331	89.8501	150263.8
45456247  	21.5135	89.5723	150366.7
45635646  	21.5943	89.6512	150840.1
45815853  	21.6748	89.6131	150730.5
45995532  	21.7545	89.8707	150274.7
46173853  	21.8348	89.6911	150635.2
46353461  	21.9153	89.6867	150687.3
46533377  	21.9957	89.8980	150261.1
46712797  	22.0763	89.9634	150204.6
46892898  	22.1565	89.8514	150323.3
47072928  	22.2371	89.7449	150684.4
47253027  	22.3174	89.9640	150746.9
47432009  	22.3976	89.9954	149978.3
47612668  	22.4781	90.2773	150813.0
47792511  	22.5582	90.1374	150322.9
47972783  	22.6387	89.9356	150550.6
48152355  	22.7190	90.1703	150021.8
48332333  	22.7990	90.0771	150186.0
48511482  	22.8795	90.1497	150120.0
48692511  	22.9596	90.2309	150943.3
48872591  	23.0397	90.1177	150471.9
49052915  	23.1197	90.1530	150944.3
49232119  	23.2002	90.1304	150503.7
49412295  	23.2801	90.1815	150352.7
49592997  	23.3607	90.2222	150745.2
49773719  	23.4411	90.1444	150398.2
49954768  	23.5218	90.0981	151066.3
50134967  	23.6019	90.0698	150471.4
50315139  	23.6821	90.1180	150627.3
50495166  	23.7625	90.2786	150642.3
50675534  	23.8423	90.2931	150242.8
50855267  	23.9221	90.4277	150749.2
51034617  	24.0020	90.5290	150134.8
51215209  	24.0821	90.3125	150829.4
51395981  	24.1627	90.5468	150778.3
51576956  	24.2424	90.5319	150338.8
51756672  	24.3226	90.3411	150881.0
51936866  	24.4026	90.5793	150498.3
52116684  	24.4826	90.3892	150360.2
52296695  	24.5630	90.5762	150386.9
52478304  	24.6426	90.6000	150613.1
52657874  	24.7228	90.7230	150202.3
52837997  	24.8032	90.5497	150019.1
53018201  	24.8834	90.5580	150210.3
53199540  	24.9632	90.4687	150940.5
53379852  	25.0436	90.6575	150490.9
53560700  	25.1235	90.4999	150537.4
53741080  	25.2038	90.6001	150511.9
53921805  	25.2840	90.7058	150071.2
54102610  	25.3640	90.6647	150342.0
54283527  	25.4435	90.6980	150403.7
54462969  	25.5230	90.8864	150530.1
54643857  	25.6033	90.7552	150871.1
54824359  	25.6830	90.7976	150401.9
55004878  	25.7628	90.8403	150590.6
55186121  	25.8429	90.9276	150677.1
55366677  	25.9229	90.7413	150235.5
55548124  	26.0027	90.6998	150814.3
55728620  	26.0825	90.9622	150566.8
55909038  	26.1625	90.9532	149725.5
56090807  	26.2427	90.8611	150893.1
56271628  	26.3225	90.8283	150317.1
56452061  	26.4024	90.9976	150673.6
56632189  	26.4822	91.0476	149472.7
56813730  	26.5617	91.0427	150690.2
56994009  	26.6417	91.1378	150299.9
57176111  	26.7212	90.9739	150797.8
57355989  	26.8012	90.9541	150421.4
57537770  	26.8812	90.9627	150961.2
57718183  	26.9609	91.0539	149714.0
57900096  	27.0409	91.0512	151073.2
58081633  	27.1209	91.2371	150678.8
58262663  	27.2010	91.1731	150097.6
58445229  	27.2810	91.2846	151083.4
58626574  	27.3606	91.0735	149939.8
58807654  	27.4403	91.1646	151039.1
58988710  	27.5198	91.1352	150098.6
59168330  	27.5997	91.1842	150040.2
59350229  	27.6800	91.1635	150420.4
59531342  	27.7596	91.1261	149730.9
59713495  	27.8395	91.1990	151063.9
59895611  	27.9196	91.4213	150797.8
60077219  	27.9994	91.2079	150014.5
60259169  	28.0793	91.3550	151048.5
60440539  	28.1589	91.3731	150484.9
60621472  	28.2384	91.1208	150421.9
60802861  	28.3183	91.3974	150361.2
60984892  	28.3976	91.5320	150526.2
61166327  	28.4774	91.2511	151092.4
61347799  	28.5572	91.5347	150234.9
61529776  	28.6366	91.4829	150746.2
61711998  	28.7165	91.3851	150889.4
61893634  	28.7963	91.4017	150337.1
62075641  	28.8759	91.5886	150384.6
62257786  	28.9554	91.5867	150940.0
62439444  	29.0352	91.5607	150616.5
62621475  	29.1148	91.5083	150837.8
62803022  	29.1946	91.3793	149949.0
62985951  	29.2747	91.6192	150758.6
63168276  	29.3543	91.4334	150116.9
63348802  	29.4340	91.5671	149802.3
63530117  	29.5134	91.6947	149961.1
63712740  	29.5935	91.6815	150934.3
63894865  	29.6727	91.6261	149998.6
64076998  	29.7523	91.6208	150991.6
64258215  	29.8321	91.7178	150042.4
64440594  	29.9116	91.6860	150432.8
64622586  	29.9914	91.7392	150562.0
64805720  	30.0709	91.6850	150536.8
64987969  	30.1506	91.5623	150854.3
65170232  	30.2302	91.6709	150261.4
65352489  	30.3099	91.8045	150547.0
65535480  	30.3891	91.8599	150745.1
65717264  	30.4684	91.7130	150389.2
65897923  	30.5479	91.8164	149569.2
66081116  	30.6277	91.7661	150781.4
66263883  	30.7073	91.8351	150182.4
66446856  	30.7871	91.8952	151242.5
66629704  	30.8665	91.7452	150577.8
66810910  	30.9458	91.9748	149790.7
66993293  	31.0254	91.7261	150938.1
67176346  	31.1052	91.9441	150632.8
67359055  	31.1850	91.8135	150401.7
67541094  	31.2649	91.8658	149584.7
67725117  	31.3443	91.8774	150879.8
67908375  	31.4240	91.8917	151209.0
68091269  	31.5037	91.9527	150230.3
68274897  	31.5834	91.9159	150647.7
68457974  	31.6628	92.0076	150800.2
68640348  	31.7421	92.0810	150292.4
68823430  	31.8215	92.0752	150667.2
69006167  	31.9009	92.0933	150328.9
69188370  	31.9796	92.1774	149886.8
69369903  	32.0593	92.0725	150674.8
69552721  	32.1386	92.0383	150363.9
69735477  	32.2179	92.1225	150243.5
69919643  	32.2972	92.1740	151315.8
70102892  	32.3761	92.1497	150323.0
70284923  	32.4552	92.2731	150565.9
70468347  	32.5346	92.1476	150794.0
70650968  	32.6139	92.0823	149984.0
70834378  	32.6934	92.0098	151082.8
71017489  	32.7728	92.0728	150575.7
71200370  	32.8520	92.2430	150479.7
71383590  	32.9313	92.2714	150802.6
71566640  	33.0105	92.2048	150137.2
71750280  	33.0897	92.1780	150979.8
71932197  	33.1690	93.2018	149584.2
72114928  	33.2477	92.2796	150480.9
72298172  	33.3269	92.3717	150870.3
72481069  	33.4059	92.2974	150380.8
72663752  	33.4850	92.2591	150282.7
72847591  	33.5644	92.2137	151247.7
73030215  	33.6432	92.5429	149937.7
73212565  	33.7219	92.4959	150170.8
73395198  	33.8002	92.5787	150113.7
73577494  	33.8795	92.4100	150731.1
73760833  	33.9585	92.3900	150640.6
73944335  	34.0374	92.2842	150529.8
74126999  	34.1163	92.3201	150201.4
74310410  	34.1952	92.3764	150922.8
74493751  	34.2743	92.5243	150341.1
74677530  	34.3533	92.3806	150714.3
74861735  	34.4321	92.5075	150891.7
75044770  	34.5113	92.5363	150403.8
75228638  	34.5899	92.4892	150539.5
75411706  	34.6687	92.4216	150690.6
75594488  	34.7476	92.5592	150117.5
75778297  	34.8266	92.7319	150570.3
75962193  	34.9055	92.5765	150426.2
76145571  	34.9841	92.4235	150723.0
76329188  	35.0631	92.6683	150486.2
76512786  	35.1420	92.6988	150282.1
76697125  	35.2203	92.6694	150971.6
76878797  	35.2992	92.5691	150101.7
77062866  	35.3776	92.7505	150659.6
77246439  	35.4564	92.8339	150464.1
77429950  	35.5350	92.6684	150202.8
77613496  	35.6140	92.6330	150899.5
77797197  	35.6922	92.5322	150216.6
77979663  	35.7707	92.7695	150624.6
78163389  	35.8495	92.9085	150466.8
78347608  	35.9281	92.8852	150793.3
78531268  	36.0064	92.7217	150318.5
78714781  	36.0853	92.8055	150713.9
78898485  	36.1640	92.7465	150163.9
79082820  	36.2427	92.8835	151070.9
79267116  	36.3212	92.7801	150498.2
79450419  	36.3999	92.8285	150062.9
79635271  	36.4787	92.6737	151293.1
79818662  	36.5569	92.8631	150105.7
80001941  	36.6353	93.0303	149797.1
80185168  	36.7138	92.8528	149987.2
80368820  	36.7925	92.8892	150058.9
80553395  	36.8709	92.8347	150821.8
80737352  	36.9494	92.7839	150510.6
80921153  	37.0275	92.9204	150422.8
81104075  	37.1058	92.9287	150440.9
81288242  	37.1843	92.9305	150956.9
81471994  	37.2624	93.0318	150190.9
81656932  	37.3409	92.9236	151075.0
81840416  	37.4191	92.9621	150321.8
82024438  	37.4977	92.8295	150688.9
82209420  	37.5761	92.9772	150847.0
82394085  	37.6545	92.9273	150282.0
82578261  	37.7330	92.9690	150445.5
82762898  	37.8110	93.0249	150807.9
82946533  	37.8890	93.1008	150412.0
83130482  	37.9674	93.0114	150799.9
83314805  	38.0456	93.0743	150130.4
83499267  	38.1235	93.0304	150801.8
83682869  	38.2017	92.9672	150434.8
83866801  	38.2800	93.0420	150420.1
84051710  	38.3582	93.1185	150909.7
84235674  	38.4362	93.0634	150349.3
84417861  	38.5141	92.9483	149636.1
84602580  	38.5917	93.0925	151092.5
84785876  	38.6695	93.2703	149958.2
84970834  	38.7476	93.1062	151457.9
85154427  	38.8252	93.0473	150256.3
85337782  	38.9032	93.1580	150191.9
85522740  	38.9814	93.2239	150899.3
85706965  	39.0595	93.0692	150221.8
85890939  	39.1373	93.1984	149995.6
86075661  	39.2152	93.3250	150843.8
86259407  	39.2930	93.3145	149778.0
86444213  	39.3709	93.2521	151190.6
86628396  	39.4490	93.1494	150468.5
86812415  	39.5267	93.0367	149697.8
86996830  	39.6044	93.2969	150807.9
87181355  	39.6817	93.4547	150732.7
87364925  	39.7592	93.3998	150042.9
87549934  	39.8371	93.3696	151112.6
87734594  	39.9150	93.2632	150177.3
87919196  	39.9924	93.1797	150832.6
88103580  	40.0702	93.2579	150629.0
88287324  	40.1477	93.3660	150084.8
88471085  	40.2254	93.2830	150166.1
88655661  	40.3028	93.2948	150747.8
88840138  	40.3804	93.3273	150403.3
89024947  	40.4578	93.4735	151027.6
89209216  	40.5351	93.3795	150403.5
89393427  	40.6123	93.4854	150440.4
89577687  	40.6898	93.3342	150368.5
89762750  	40.7669	93.5234	150527.4
89946596  	40.8444	93.2875	150635.9
90129678  	40.9215	93.4144	149472.2
90313856  	40.9984	93.4448	150168.1
90498275  	41.0758	93.4863	151225.8
90683085  	41.1531	93.5093	150556.6
90867551  	41.2301	93.3706	150433.3
91051994  	41.3075	93.7032	150777.5
91237157  	41.3846	93.5134	150576.2
91420967  	41.4619	93.5853	150120.9
91606060  	41.5390	93.6377	150476.4
91790354  	41.6156	93.5465	150379.9
91974636  	41.6928	93.5914	150821.5
92159436  	41.7698	93.5356	150457.6
92344409  	41.8465	93.5774	151036.7
92528498  	41.9236	93.6769	150533.3
92713711  	42.0007	93.6087	150371.5
92898637  	42.0780	93.5255	150684.1
93083116  	42.1548	93.5135	150302.2
93267510  	42.2313	93.5823	150514.2
93451364  	42.3080	93.6052	150571.1
93634413  	42.3844	93.7262	149909.4
93818507  	42.4609	93.5742	150360.8
94002664  	42.5378	93.6752	150617.9
94187643  	42.6146	93.5546	150609.2
94371962  	42.6912	93.6987	150790.4
94555476  	42.7678	93.6076	149798.2
94740947  	42.8442	93.6723	150955.2
94925446  	42.9207	93.5673	150687.3
95108997  	42.9967	93.7389	150404.4
95292903  	43.0733	93.7479	150746.4
95477961  	43.1501	93.5646	150721.2
95662662  	43.2263	93.7292	150043.5
95847023  	43.3026	93.6382	151212.1
96031606  	43.3789	93.8265	150501.7
96215641  	43.4552	93.8171	150063.7
96400144  	43.5315	93.6997	150532.6
96585239  	43.6078	93.7930	150932.0
96769400  	43.6842	93.7455	150306.9
96954893  	43.7604	93.8322	151029.5
97139040  	43.8369	93.8095	150245.3
97324092  	43.9129	93.9361	150901.5
97508551  	43.9892	93.7818	150206.6
97693538  	44.0652	93.8682	150475.1
97877366  	44.1414	93.7929	150151.1
98061372  	44.2173	93.7584	150230.7
98245846  	44.2933	93.7738	150627.0
98430609  	44.3694	93.7845	150713.0
98615326  	44.4457	93.8426	150550.8
98801269  	44.5215	93.7028	151123.2
98984902  	44.5971	93.9578	150055.5
99168243  	44.6730	93.8958	149876.3
99353703  	44.7487	93.9570	151145.7
99537877  	44.8248	93.8029	150517.2
99722341  	44.9002	94.0412	150217.2
99907134  	44.9757	93.9701	150940.6
100091082 	45.0513	93.9339	150451.0
100275731 	45.1268	93.8707	150879.3
100460436 	45.2027	93.8262	150627.9
100644466 	45.2785	93.8299	149477.9
100829529 	45.3538	93.9270	150843.9
101014094 	45.4292	93.9023	150685.4
101198861 	45.5043	94.0561	150685.2
101383309 	45.5793	94.0731	150810.2
101566736 	45.6545	93.9582	150165.6
101751151 	45.7301	93.9069	150843.6
101935849 	45.8054	94.0908	150287.7
102121235 	45.8809	93.9275	150918.2
102305319 	45.9562	94.0123	150257.8
102489525 	46.0310	94.1382	150346.2
102672434 	46.1063	93.9223	149306.2
102857683 	46.1814	94.0415	151229.1
103041933 	46.2566	94.2446	150402.0
103226861 	46.3313	94.1378	150173.5
103411687 	46.4064	94.0184	151160.3
103596414 	46.4815	93.9974	150295.4
103780887 	46.5566	93.9324	150496.2
103966232 	46.6315	94.1858	150890.4
104150173 	46.7061	94.1577	150252.0
104334715 	46.7813	93.9257	150852.2
104518323 	46.8560	94.1047	149645.4
104702879 	46.9307	94.2679	150599.7
104887600 	47.0055	94.1114	150727.8
105071701 	47.0805	94.1887	149959.3
105257772 	47.1550	94.1278	151188.1
105441203 	47.2299	94.1400	149670.4
105626330 	47.3046	94.1436	150657.6
105808934 	47.3793	94.0944	148894.2
105994156 	47.4538	94.1416	151093.7
106178319 	47.5282	94.1384	150447.8
106361907 	47.6025	94.3090	149720.6
106546778 	47.6771	94.1654	150813.9
106731390 	47.7512	94.1831	150905.7
106915273 	47.8255	94.2132	150308.7
107099514 	47.8999	94.2456	149760.3
107284980 	47.9744	94.2936	150935.3
107469670 	48.0485	94.0953	150662.7
107654482 	48.1224	94.3152	150775.7
107838950 	48.1967	94.2613	150596.0
108024048 	48.2712	94.1719	150734.4
108209581 	48.3453	94.1732	150623.8
108394312 	48.4192	94.2876	150744.7
108578202 	48.4932	94.1934	150185.0
108762503 	48.5670	94.1637	150630.3
108947222 	48.6407	94.2438	150523.8
109130930 	48.7147	94.2778	150407.5
109316724 	48.7887	94.2297	151390.1
109501875 	48.8625	94.1367	150657.0
109685763 	48.9360	94.4269	150417.8
109870418 	49.0095	94.3478	150782.0
110054455 	49.0837	94.1978	150325.8
110240011 	49.1571	94.2556	151015.8
110424361 	49.2305	94.3574	150003.8
110608336 	49.3040	94.3979	149997.2
110793296 	49.3774	94.3436	150869.7
110976813 	49.4504	94.4027	149633.1
111159271 	49.5239	94.2712	149371.1
111344335 	49.5972	94.4054	150736.8
111529250 	49.6706	94.1651	150902.5
111713830 	49.7438	94.3933	150481.7
111898879 	49.8173	94.2601	150757.9
112083435 	49.8899	94.3965	150229.2
112268106 	49.9632	94.4257	151165.8
112452042 	50.0361	94.2765	150602.5
112635301 	50.1091	94.3968	149656.9
112820119 	50.1815	94.4184	150632.4
113002665 	50.2546	94.4270	150199.6
113188073 	50.3276	94.3542	150999.0
113372359 	50.4004	94.3176	150288.2
113557289 	50.4733	94.4230	150503.4
113741592 	50.5463	94.3524	150205.3
113926025 	50.6190	94.4012	150475.7
114110712 	50.6914	94.4233	150902.5
114295266 	50.7642	94.3923	150823.5
114479810 	50.8368	94.3891	150156.2
114663722 	50.9090	94.3882	150949.5
114847714 	50.9819	94.4157	150402.5
115032777 	51.0547	94.4318	150579.9
115217831 	51.1273	94.3729	150854.0
115402667 	51.1997	94.3934	150603.3
115586286 	51.2720	94.5363	149983.2
115770919 	51.3447	94.4564	150730.0
115955958 	51.4169	94.4289	150402.4
116139777 	51.4891	94.3711	150546.3
116322962 	51.5615	94.3759	149419.7
116507286 	51.6337	94.4503	150279.6
116692235 	51.7058	94.4854	150803.1
116876363 	51.7780	94.5159	150376.3
117059873 	51.8497	94.5808	149654.8
117244677 	51.9219	94.3232	150729.6
117429163 	51.9938	94.5362	150562.3
117613664 	52.0657	94.4633	150531.2
117797462 	52.1372	94.4394	150287.9
117981588 	52.2090	94.4480	150769.5
118165657 	52.2808	94.5235	150584.2
118350531 	52.3524	94.5998	150918.5
118534284 	52.4241	94.5877	149756.3
118719065 	52.4957	94.5625	150783.5
118902849 	52.5669	94.4866	150479.4
119087110 	52.6384	94.6860	150393.3
119271512 	52.7100	94.5511	150550.9
119456026 	52.7812	94.5551	150335.4
119639673 	52.8523	94.6382	150606.5
119824672 	52.9237	94.5687	150904.1
120008503 	52.9946	94.5679	150043.6
120193832 	53.0662	94.4449	151382.3
120377628 	53.1369	94.6159	150013.0
120562090 	53.2078	94.5623	151290.5
120745513 	53.2788	95.5243	149889.9
120928899 	53.3495	94.5836	150022.8
121112751 	53.4205	94.5233	150543.5
121297768 	53.4914	94.5473	150882.2
121481760 	53.5625	94.4573	150509.2
121666681 	53.6334	94.6063	150807.3
121851705 	53.7038	94.6357	150615.1
122035512 	53.7745	94.7402	150527.5
122219497 	53.8455	94.4456	150552.3
122403113 	53.9156	94.5708	150103.3
122587040 	53.9859	94.6010	151402.7
122770495 	54.0564	94.5486	150263.2
122953676 	54.1265	94.6862	149569.6
123137740 	54.1968	94.6659	151049.7
123320902 	54.2670	94.6596	150439.3
123504979 	54.3372	94.7746	150441.2
123689232 	54.4076	94.5778	150538.3
123873156 	54.4777	94.6956	150529.5
124057849 	54.5479	94.7246	151226.9
124241721 	54.6178	94.6783	150493.7
124424980 	54.6875	95.4835	149976.1
124607753 	54.7573	94.7180	150931.1
124791402 	54.8270	94.6449	150381.5
124974968 	54.8967	94.7229	150358.1
125159295 	54.9666	94.8279	150872.3
125342866 	55.0358	94.7484	150193.7
125525214 	55.1052	93.7905	150493.1
125708920 	55.1749	94.6580	150453.4
125892118 	55.2444	94.7643	150250.0
126076988 	55.3139	94.5918	151631.3
126261020 	55.3835	94.6247	150403.6
126445063 	55.4531	94.6563	150433.7
126629041 	55.5223	94.6349	150566.0
126812890 	55.5916	94.7202	150571.5
126996161 	55.6607	94.7374	150372.6
127179803 	55.7299	94.7791	150036.0
127363832 	55.7989	94.6152	150447.5
127547711 	55.8683	94.7962	150824.9
127731138 	55.9373	94.6995	149969.3
127913971 	56.0061	94.7508	150343.5
128097634 	56.0751	94.7283	150504.5
128282222 	56.1441	94.7127	150843.2
128466050 	56.2128	94.7004	150852.0
128649373 	56.2815	94.7046	150420.8
128832779 	56.3498	94.8117	151039.3
129015974 	56.4184	94.6279	151021.5
129199380 	56.4868	94.7424	150586.8
129382711 	56.5551	94.8761	150095.5
129566986 	56.6235	94.6572	151177.4
129750008 	56.6920	94.7508	150451.4
129933544 	56.7602	94.7628	150703.5
130117391 	56.8284	94.7505	150600.7
130301049 	56.8966	94.7432	150593.3
130484770 	56.9648	94.8152	150962.1
130668055 	57.0329	94.8026	149869.1
130852537 	57.1008	94.7696	151005.8
131036162 	57.1689	94.8117	150973.3
131217994 	57.2365	94.7880	149246.1
131401490 	57.3044	94.7436	150950.3
131584689 	57.3723	94.7872	150431.8
131768486 	57.4400	94.8214	150297.8
131952718 	57.5082	94.8192	151089.1
132135896 	57.5756	94.8454	150204.8
132318197 	57.6431	94.7016	149680.9
132501495 	57.7110	94.8213	150504.3
132685999 	57.7788	94.7505	150738.8
132869529 	57.8462	94.8117	150613.3
133053159 	57.9136	94.6920	150830.0
133236857 	57.9811	94.6996	150434.7
133420198 	58.0484	94.7926	150561.8
133603530 	58.1157	94.7823	150434.6
133787140 	58.1828	94.7770	150995.7
133969862 	58.2499	94.9397	150366.3
134153398 	58.3170	94.5682	150620.2
134336419 	58.3839	94.7056	150835.2
134518840 	58.4505	94.8410	150501.4
134701291 	58.5175	94.7663	150151.0
134885550 	58.5844	94.6083	151256.6
135068041 	58.6511	94.8497	149873.2
135251056 	58.7176	94.7271	150775.7
135433547 	58.7841	94.7742	150491.3
135616153 	58.8506	94.7737	150436.3
135798537 	58.9173	94.6487	150345.1
135982004 	58.9836	94.8153	150862.6
136164594 	59.0498	94.7479	150625.6
136347541 	59.1162	94.7975	150905.1
136530392 	59.1822	94.7465	150436.7
136713760 	59.2486	94.8233	150939.8
136895867 	59.3146	94.8529	150128.5
137078470 	59.3809	94.8294	150006.1
137261397 	59.4468	94.7909	151044.1
137443840 	59.5126	94.8940	150355.9
137627025 	59.5787	94.9379	150561.4
137810353 	59.6448	94.7856	151052.7
137993252 	59.7104	94.8269	150227.8
138175973 	59.7761	94.9158	151107.9
138359062 	59.8419	94.8045	150368.5
138541715 	59.9072	94.8478	150452.0
138724710 	59.9731	94.8124	151155.4
138907897 	60.0385	94.9956	150507.7
139090939 	60.1035	94.9481	150519.0
139273820 	60.1691	94.8238	150925.4
139457059 	60.2343	94.9583	150377.1
139639810 	60.2997	94.8523	150988.7
139822174 	60.3649	94.8307	150130.6
140005339 	60.4297	94.9467	150961.0
140188365 	60.4949	94.7864	150869.5
140371131 	60.5597	94.8780	150371.4
140553389 	60.6248	94.8389	150789.3
140736004 	60.6897	94.7314	150547.7
140917811 	60.7543	94.8484	150044.7
141100980 	60.8188	94.9516	151171.3
141283798 	60.8836	94.8955	150739.7
141466338 	60.9483	94.8495	150514.2
141648865 	61.0129	95.0032	150760.7
141830342 	61.0772	94.8177	149957.2
142013262 	61.1415	94.8254	150827.9
142194976 	61.2059	94.9577	150435.6
142377740 	61.2698	94.8444	150573.4
142559593 	61.3343	94.8096	150923.2
142741928 	61.3986	94.8915	150509.5
142923707 	61.4626	94.8289	150476.4
143105894 	61.5267	94.8684	150314.7
143287900 	61.5904	94.6897	150529.5
143470102 	61.6541	94.8703	151176.4
143652279 	61.7181	94.8387	150595.8
143834118 	61.7821	94.7792	150462.6
144016820 	61.8456	94.8587	151034.3
144197557 	61.9093	94.9272	150070.9
144379936 	61.9729	94.8719	150480.6
144562442 	62.0368	94.7417	150672.3
144743823 	62.1002	94.7945	149807.5
144926315 	62.1636	94.9005	151497.4
145108172 	62.2269	94.8887	150494.5
145290002 	62.2901	94.8627	150284.4
145472097 	62.3532	94.6359	150541.5
145652976 	62.4166	94.8732	149837.4
145835638 	62.4797	94.6669	151092.6
146017222 	62.5429	94.8437	150594.4
146196974 	62.6060	94.6799	148784.8
146379307 	62.6690	94.5613	150865.5
146560739 	62.7318	94.7418	150502.0
146742523 	62.7947	94.5601	150593.9
146924081 	62.8575	94.6249	150859.1
147105338 	62.9203	94.5189	150321.3
147287577 	62.9832	94.4022	150996.6
147469777 	63.0455	94.5397	150431.3
147650163 	63.1078	94.5645	150452.6
147832097 	63.1705	94.5615	151069.7
148012848 	63.2331	94.4565	149449.5
148194756 	63.2955	94.4162	151131.3
148375702 	63.3579	94.2774	150045.6
148556959 	63.4205	94.4441	150407.9
148738911 	63.4829	94.3560	150929.0
148920489 	63.5450	94.3603	150574.7
149099897 	63.6071	94.3342	149184.3
149280822 	63.6694	94.2807	150115.8
149462578 	63.7313	94.1232	150621.4
149643079 	63.7934	94.2975	150508.4
149824684 	63.8555	94.1404	150843.7
150006268 	63.9173	94.2024	150545.5
150186670 	63.9792	94.2432	150347.8
150367340 	64.0408	94.1301	150772.3
150548450 	64.1028	93.9660	150624.6
150729188 	64.1648	94.0478	150488.7
150909206 	64.2268	94.0675	149470.4
151090501 	64.2886	94.0093	150501.4
151272059 	64.3504	93.9262	150768.8
151453304 	64.4123	94.0358	150662.6
151634891 	64.4738	93.9641	150878.5
151815314 	64.5353	93.9078	149930.2
151996399 	64.5966	93.8404	150884.2
152176861 	64.6583	93.7392	150624.6
152357259 	64.7198	93.7617	150032.6
152539377 	64.7817	93.6961	151285.9
152720759 	64.8431	93.6258	150657.3
152901480 	64.9042	93.5602	150172.5
153083224 	64.9654	93.7134	151211.6
153263725 	65.0266	93.5026	150524.0
153444448 	65.0880	93.5603	150608.5
153625776 	65.1494	93.6001	150630.3
153806466 	65.2104	93.5385	150395.6
153987508 	65.2714	93.6269	151155.1
154168364 	65.3324	93.5705	150112.5
154348828 	65.3932	93.3635	150919.9
154529555 	65.4537	93.3563	150487.5
154709617 	65.5147	93.3479	150513.7
154891255 	65.5758	93.2424	150748.6
155072475 	65.6367	93.3253	150595.1
155253452 	65.6974	93.3147	150511.3
155433380 	65.7581	93.1512	150466.4
155614130 	65.8189	93.0459	150471.9
155793741 	65.8794	94.1202	149601.7
155974748 	65.9399	93.1004	151120.4
156154880 	66.0003	93.0813	150221.8
156335927 	66.0609	92.9704	151221.7
156516308 	66.1208	93.0736	150344.6
156696379 	66.1812	92.8027	150977.7
156876382 	66.2416	92.9700	150047.8
157057062 	66.3019	92.8771	150987.5
157237248 	66.3622	93.0429	150618.7
157418094 	66.4219	92.9465	150686.4
157597299 	66.4821	92.6610	150442.4
157778526 	66.5420	92.7499	151065.3
157958301 	66.6020	92.6474	150391.2
158138875 	66.6620	92.6961	151132.6
158318433 	66.7216	92.7764	150486.8
158498108 	66.7810	92.6332	150323.0
158678472 	66.8411	92.5951	150994.4
158858644 	66.9008	92.6184	150162.0
159038756 	66.9608	92.5210	150548.1
159218118 	67.0204	92.5589	150144.1
159398208 	67.0798	92.3367	150581.7
159578483 	67.1395	92.4942	150884.4
159758714 	67.1987	92.4545	150674.4
159938209 	67.2579	92.5597	150566.9
160117973 	67.3173	92.4628	150580.2
160298197 	67.3763	92.4063	150720.6
160477569 	67.4357	92.5004	150577.8
160657624 	67.4948	92.4539	150710.6
160837343 	67.5539	92.3800	150670.0
161016864 	67.6133	92.1475	150397.1
161196901 	67.6719	92.2526	150960.6
161376392 	67.7309	92.3684	150628.7
161555620 	67.7895	92.0781	150155.5
161735837 	67.8483	92.1561	151088.1
161915822 	67.9073	92.0203	150958.5
162095041 	67.9659	92.1283	150100.2
162274978 	68.0246	92.2199	151140.1
162454160 	68.0830	92.1329	150245.2
162632273 	68.1413	91.9550	149703.0
162812447 	68.2001	91.9555	151189.7
162991620 	68.2582	92.0235	150159.8
163169296 	68.3165	92.1495	149717.3
163348442 	68.3746	92.0030	150220.1
163527678 	68.4327	91.9614	150372.7
163705478 	68.4912	91.8198	149842.0
163884126 	68.5488	91.8923	150134.9
164062651 	68.6067	91.8662	150861.5
164241961 	68.6647	91.7720	150570.7
164421024 	68.7229	92.0269	150232.8
164600452 	68.7808	91.8108	150738.7
164779172 	68.8385	91.7063	150120.8
164958063 	68.8962	91.7028	150465.0
165137965 	68.9540	91.5702	151081.2
165316642 	69.0115	91.5330	150227.9
165495722 	69.0692	91.6081	150926.9
165673448 	69.1264	91.6825	149488.1
165852448 	69.1835	91.6224	150947.6
166031059 	69.2408	91.4426	150843.6
166210240 	69.2980	91.6546	150135.6
166388827 	69.3549	91.4624	150733.4
166566395 	69.4119	91.5741	149973.2
166745216 	69.4687	91.5608	150962.5
166923981 	69.5258	91.6476	150917.2
167101902 	69.5829	91.4008	149824.9
167281761 	69.6400	91.3136	151364.0
167460245 	69.6969	91.3245	150475.8
167638474 	69.7529	91.4155	150155.7
167815549 	69.8098	91.3247	150758.5
167993894 	69.8665	91.4059	150152.3
168173464 	69.9230	91.4182	151463.0
168351781 	69.9797	91.1675	150458.9
168529914 	70.0362	91.3547	150220.0
168708994 	70.0925	91.2846	151210.0
168886398 	70.1489	91.1273	150234.6
169064960 	70.2051	91.0988	150845.0
169243828 	70.2616	91.0757	150644.3
169422286 	70.3175	91.0309	150586.7
169600675 	70.3734	91.0688	150657.5
169777977 	70.4293	91.1144	150541.4
169955941 	70.4853	91.0236	150716.6
170134359 	70.5412	91.1334	150490.3
170312488 	70.5971	90.8618	150327.9
170491182 	70.6528	90.9814	151169.8
170669179 	70.7084	90.9697	150507.0
170846911 	70.7643	90.7341	150447.3
171025492 	70.8198	90.8735	150998.1
171203306 	70.8752	91.0695	150050.1
171380044 	70.9304	90.9178	149749.4
171557708 	70.9860	90.8173	150601.3
171734355 	71.0412	90.8395	149764.4
171912760 	71.0964	90.8975	151204.4
172089944 	71.1516	90.8686	149515.4
172267871 	71.2069	90.8180	150666.7
172445760 	71.2615	90.8213	150575.3
172622883 	71.3163	90.8753	150292.7
172801135 	71.3715	90.8189	150814.1
172978540 	71.4263	90.6327	150202.2
173156478 	71.4809	90.8518	151132.0
173333668 	71.5358	90.5451	150457.5
173510911 	71.5905	90.6967	150396.9
173688839 	71.6452	90.6370	150765.6
173865710 	71.6997	90.5494	149689.2
174043462 	71.7543	90.7218	151158.4
174221040 	71.8088	90.5384	150575.7
174398583 	71.8630	90.5617	150607.1
174575729 	71.9174	90.5413	151082.9
174752736 	71.9711	90.6373	150430.8
174928418 	72.0251	90.6280	150687.9
175106090 	72.0790	90.5399	150678.4
175283677 	72.1329	90.5379	150766.5
175459099 	72.1866	90.3645	149565.7
175636224 	72.2402	90.4837	150714.0
175813140 	72.2937	90.3387	151032.6
175988807 	72.3476	90.4306	149680.8
176164587 	72.4010	90.3601	149467.6
176342717 	72.4547	90.3430	151784.7
176519524 	72.5076	90.4019	150593.7
176695862 	72.5610	90.3259	150818.0
176872184 	72.6146	90.2513	150149.2
177049429 	72.6677	90.2162	150506.4
177226894 	72.7207	90.3982	150917.4
177403073 	72.7737	90.3095	150111.2
177580450 	72.8268	90.1837	151269.8
177756827 	72.8797	90.0717	150502.8
177932379 	72.9326	90.3106	150155.3
178109814 	72.9855	90.2846	151133.3
178285979 	73.0384	90.1257	150321.8
178462123 	73.0910	89.8128	150439.0
178638775 	73.1436	90.0233	150678.8
178815758 	73.1958	90.1231	150543.4
178991410 	73.2484	90.0769	150849.0
179168253 	73.3009	90.0294	150438.2
179344124 	73.3531	90.1235	150379.6
179520625 	73.4054	90.3187	150972.3
179697324 	73.4580	89.9606	150411.5
179874411 	73.5103	89.9747	150810.1
180050902 	73.5622	90.0586	150447.7
180226695 	73.6142	89.8467	150671.8
180402876 	73.6664	89.9845	150460.0
180578240 	73.7177	90.0923	149724.4
180752971 	73.7694	90.0126	150922.4
180929066 	73.8210	89.9350	150538.7
181104711 	73.8724	89.8385	150668.1
181280127 	73.9239	89.8205	150059.5
181455941 	73.9756	89.9317	150238.3
181632389 	74.0271	89.7330	151007.0
181808197 	74.0784	89.7279	150169.7
181984972 	74.1299	89.8429	151338.0
182160550 	74.1809	89.7644	150147.9
182336467 	74.2321	89.8222	151076.3
182512380 	74.2832	89.7927	150862.3
182688431 	74.3340	89.7774	150513.7
182863947 	74.3849	89.8795	150681.7
183038754 	74.4357	89.5331	149922.8
183213730 	74.4864	89.6522	150424.3
183389984 	74.5374	89.7160	151134.9
183565330 	74.5880	89.5839	150341.5
183740916 	74.6386	89.6533	150747.3
183914910 	74.6892	89.9528	149393.0
184090914 	74.7396	89.6929	151041.5
184266746 	74.7904	89.5237	150937.6
184442043 	74.8406	89.4843	150181.4
184617022 	74.8909	89.5366	150563.2
184792690 	74.9411	89.7111	151016.9
184967958 	74.9912	89.6295	150471.5
185143179 	75.0414	89.6329	150505.4
185319302 	75.0914	89.4628	150780.4
185494194 	75.1412	89.6410	150523.6
185669826 	75.1911	89.3872	151016.1
185844819 	75.2408	89.3050	150419.9
186019865 	75.2902	89.6895	150660.4
186195230 	75.3396	89.5138	150586.8
186370938 	75.3893	89.3988	151131.7
186545486 	75.4386	89.4127	150414.2
186719935 	75.4879	89.4416	150191.6
186895624 	75.5373	89.2205	151014.6
187070682 	75.5868	89.3126	150412.2
187245521 	75.6360	89.3924	150711.8
187419046 	75.6849	89.2909	149731.2
187594863 	75.7339	89.6813	150989.6
187769850 	75.7828	89.3787	150633.6
187943497 	75.8316	89.2209	149412.8
188118099 	75.8806	89.2634	150856.1
188293237 	75.9293	89.3798	150351.2
188468546 	75.9775	89.2655	151083.5
188642704 	76.0259	89.2337	150625.1
188816738 	76.0744	89.1236	150477.1
188991486 	76.1226	89.1570	150438.2
189165699 	76.1712	89.1455	150351.5
189340964 	76.2193	89.1026	151173.4
189514692 	76.2675	89.3304	150619.4
189688372 	76.3155	89.0324	150123.4
189862985 	76.3636	89.1620	150777.2
190037067 	76.4115	89.2266	150499.4
190211658 	76.4592	89.1604	150884.6
190385504 	76.5069	89.0581	150557.9
190559045 	76.5546	89.1319	150205.9
190733633 	76.6022	88.9380	151302.3
190906690 	76.6494	89.0807	149536.2
191081873 	76.6966	89.1065	151429.2
191255753 	76.7439	89.0997	150743.5
191428923 	76.7909	89.1181	150250.6
191602902 	76.8384	88.9849	151012.4
191776346 	76.8852	89.1914	149887.6
191950352 	76.9322	89.0810	151176.4
192123481 	76.9794	89.0776	150321.9
192297096 	77.0261	89.0868	150773.2
192471034 	77.0733	89.0493	150704.0
192645253 	77.1200	88.9894	150489.8
192819016 	77.1670	89.0766	150626.6
192992510 	77.2138	89.0027	150377.8
193165795 	77.2605	89.0859	150246.9
193338964 	77.3072	88.9825	150380.6
193510948 	77.3537	88.7310	149608.7
193684961 	77.4005	88.9766	151003.4
193858247 	77.4469	88.8988	150079.9
194032206 	77.4933	88.8244	150956.8
194205358 	77.5395	88.8143	150055.5
194379245 	77.5854	88.6244	151007.7
194552224 	77.6317	88.8594	150183.8
194725203 	77.6777	89.0069	149889.4
194899382 	77.7238	88.6560	151205.8
195072864 	77.7694	88.7911	150706.8
195246012 	77.8154	88.6830	150684.0
195418300 	77.8612	88.6480	149907.8
195591438 	77.9068	88.7641	150305.1
195764122 	77.9525	88.6823	150752.0
195937511 	77.9982	88.8405	150629.8
196109863 	78.0434	88.8863	150239.4
196281900 	78.0887	88.5751	149839.2
196454861 	78.1340	88.5374	150495.7
196628306 	78.1792	88.6785	150979.3
196801233 	78.2244	88.7649	150785.9
196974402 	78.2692	88.9633	150709.6
197145669 	78.3142	88.7052	149705.7
197317887 	78.3590	88.6617	150268.2
197491329 	78.4040	88.6795	150981.5
197664067 	78.4488	88.4471	150480.7
197837660 	78.4935	88.6730	151400.2
198009576 	78.5380	88.6649	150108.0
198181588 	78.5826	88.6950	150285.9
198354346 	78.6270	88.5224	150732.4
198527500 	78.6714	88.6402	150816.8
198700161 	78.7159	88.5140	150918.8
198872023 	78.7603	88.5863	150073.4
199044636 	78.8043	88.5394	150940.5
199216842 	78.8483	88.8281	150626.4
199388932 	78.8923	88.3908	150507.4
199560969 	78.9362	88.3955	150473.8
199733251 	78.9800	88.7949	150624.6
199905256 	79.0236	88.5710	150900.4
200077268 	79.0675	88.4692	150606.4
200248021 	79.1110	88.4815	149349.1
200420698 	79.1548	88.4244	151036.6
200593340 	79.1982	88.2454	150566.7
200764910 	79.2419	88.6428	150435.0
200936922 	79.2852	88.6986	150392.9
201109038 	79.3285	88.3965	150780.4
201281357 	79.3719	88.2205	150709.3
201453653 	79.4148	88.2926	150437.3
201625658 	79.4579	88.4066	150989.1
201796594 	79.5008	88.3716	149929.5
201968588 	79.5440	88.4562	150891.7
202140600 	79.5869	88.2455	150854.5
202311397 	79.6297	88.4326	149975.1
202483809 	79.6723	88.2381	151236.0
202655089 	79.7148	88.3203	150371.6
202827024 	79.7575	88.2672	150726.4
202998239 	79.7999	88.3161	150622.4
203169726 	79.8422	88.2549	150506.8
203340899 	79.8847	88.3501	150775.6
203512078 	79.9268	88.4262	150004.4
203683982 	79.9688	88.2139	151373.4
203854655 	80.0107	88.2921	150141.3
204026409 	80.0530	88.0780	150859.0
204196951 	80.0950	88.0575	150146.5
204368307 	80.1367	88.1033	151027.4
204539115 	80.1790	88.3100	150203.9
204711009 	80.2208	88.0971	150838.2
204882475 	80.2627	88.0973	151088.1
205053217 	80.3043	88.1002	150110.2
205224471 	80.3458	88.1645	151016.6
205395010 	80.3873	87.8833	150442.7
205565224 	80.4288	87.9929	150105.3
205736874 	80.4701	88.1610	151459.9
205907755 	80.5115	88.1550	150158.4
206078837 	80.5526	87.8172	150893.9
206249153 	80.5938	88.1843	150474.3
206419882 	80.6347	88.0317	150522.0
206590839 	80.6760	88.2589	150838.2
206761168 	80.7170	88.1317	149866.6
206932133 	80.7578	88.0889	150830.9
207103043 	80.7986	87.9420	150864.8
207273043 	80.8394	88.0562	150085.2
207443698 	80.8803	88.1629	150313.5
207614294 	80.9207	87.9682	150464.8
207785851 	80.9614	88.0435	151136.5
207955039 	81.0017	87.8092	148939.3
208125550 	81.0421	88.1751	150780.3
208295578 	81.0825	88.0784	150038.5
208466254 	81.1229	87.9889	150575.5
208637533 	81.1634	87.8807	150957.6
208808084 	81.2035	88.1177	150240.8
208979191 	81.2440	87.8806	151227.0
209149359 	81.2843	87.7084	149860.2
209320244 	81.3241	87.8243	150983.8
209491181 	81.3643	87.8683	150706.6
209661079 	81.4040	87.9309	149998.2
209831739 	81.4439	87.8259	151008.2
210002349 	81.4837	87.8653	150250.5
210172960 	81.5236	87.6924	150622.0
210342909 	81.5633	87.8370	149819.7
210513537 	81.6030	87.6011	151029.5
210684571 	81.6421	87.7940	150857.8
210853037 	81.6813	87.8490	150312.1
211023421 	81.7205	87.7884	150689.7
211193352 	81.7599	87.7440	150981.9
211364028 	81.7990	87.7442	150863.8
211534275 	81.8379	87.7671	150519.7
211704312 	81.8769	87.6908	150774.7
211874489 	81.9161	87.6771	150487.4
212043980 	81.9549	87.6664	149986.7
212214019 	81.9934	86.4594	150702.3
212383438 	82.0320	87.5704	150852.7
212553450 	82.0710	87.6908	150913.4
212723214 	82.1096	87.6749	150656.8
212892979 	82.1482	87.6985	150305.9
213063450 	82.1865	87.5614	151088.1
213233114 	82.2247	87.7430	150474.2
213402958 	82.2630	87.5050	150921.6
213572166 	82.3008	87.6636	150149.2
213741562 	82.3390	87.8765	150890.1
213910488 	82.3773	87.5428	150210.4
214080103 	82.4154	87.4609	150894.9
214249757 	82.4534	87.7195	150838.6
214419005 	82.4914	87.5980	150204.3
214588351 	82.5292	87.8489	150685.9
214757912 	82.5672	87.6036	150467.4
214927784 	82.6049	87.6231	150790.0
215096972 	82.6427	87.6302	150097.3
215265950 	82.6802	87.5627	150281.6
215435786 	82.7176	87.4729	151198.1
215605468 	82.7550	87.3399	150394.6
215775476 	82.7925	87.6518	151109.6
215944886 	82.8295	87.4515	150487.9
216113612 	82.8669	87.4738	150183.7
216283425 	82.9039	87.6910	151142.5
216450008 	82.9408	87.6052	148734.6
216619422 	82.9776	87.3351	150898.4
216788432 	83.0146	87.5013	150275.6
216957847 	83.0519	87.3679	150942.6
217126936 	83.0887	87.4011	150494.2
217295239 	83.1255	87.3915	149876.7
217464087 	83.1622	87.5225	150521.1
217632446 	83.1988	87.5174	150463.0
217801356 	83.2353	87.3124	150872.0
217970303 	83.2718	87.5626	150449.5
218139462 	83.3084	87.2334	150944.0
218308135 	83.3448	87.3635	150351.2
218477496 	83.3811	87.2752	150929.9
218646297 	83.4176	87.3361	150763.1
218815060 	83.4534	87.5524	150224.5
218982672 	83.4895	87.3734	150753.1
219150155 	83.5252	87.2034	149981.1
219318716 	83.5611	87.2037	151050.5
219487152 	83.5971	87.4890	150530.6
219656295 	83.6329	87.2867	150538.8
219824928 	83.6687	87.3730	150962.4
219993345 	83.7043	87.4361	150375.5
220162241 	83.7401	87.2692	150787.0
220330739 	83.7758	87.2624	150254.0
220498640 	83.8114	87.4282	151005.9
220667040 	83.8469	87.4475	150626.7
220835832 	83.8823	87.1097	150633.4
221004381 	83.9179	87.1041	150944.9
221172685 	83.9531	87.1050	150368.4
221341699 	83.9883	87.3441	150966.0
221509493 	84.0236	87.3683	150214.0
221678154 	84.0586	87.2407	150903.6
221846185 	84.0936	86.9758	150355.1
222013735 	84.1286	87.1701	150110.3
222182374 	84.1635	87.0967	151057.6
222350180 	84.1981	87.1957	150485.0
222518568 	84.2330	87.2732	151027.4
222687015 	84.2677	87.3164	150380.7
222855535 	84.3021	87.2610	151202.2
223022567 	84.3367	87.0798	150125.6
223190710 	84.3712	87.0376	151030.1
223358874 	84.4058	87.0820	150881.2
223527153 	84.4398	87.2031	150511.4
223694253 	84.4742	87.0501	150660.9
223862362 	84.5085	86.9909	150405.0
224029455 	84.5426	87.1109	150083.9
224196714 	84.5765	87.0556	150316.1
224364231 	84.6103	87.1938	150544.2
224532756 	84.6445	87.2348	151028.8
224700199 	84.6783	87.1428	150281.9
224867545 	84.7123	87.0999	150338.9
225035074 	84.7461	87.0758	150897.8
225202786 	84.7799	87.0850	150605.5
225370536 	84.8137	87.2465	150844.0
225538150 	84.8471	87.0255	150897.1
225705976 	84.8809	86.9874	150581.4
225873597 	84.9145	87.0802	150307.8
226040872 	84.9480	86.7478	150323.5
226209031 	84.9818	86.9202	150559.1
226377139 	85.0150	86.9304	151140.8
226543824 	85.0482	86.8121	150053.0
226710199 	85.0816	86.7734	150401.1
226876866 	85.1149	87.0143	149797.8
227044876 	85.1478	86.9834	150693.2
227212531 	85.1808	86.8147	150801.2
227379295 	85.2138	86.9929	150308.0
227546777 	85.2467	87.0218	150862.8
227713092 	85.2793	86.9608	150165.7
227880449 	85.3119	86.9443	151028.8
228047169 	85.3445	86.8690	150453.6
228214353 	85.3771	86.8308	150337.2
228381313 	85.4098	86.8955	150576.4
228546801 	85.4421	86.8100	148938.8
228713583 	85.4746	86.8272	150980.8
228880669 	85.5070	86.7959	150561.7
229047254 	85.5391	86.7773	150454.5
229214208 	85.5710	86.8137	150963.5
229377925 	85.6033	86.7425	148986.4
229545606 	85.6355	86.8795	151463.5
229712083 	85.6676	86.9065	150256.8
229879747 	85.6996	86.8246	151131.2
230045515 	85.7313	86.7650	149952.8
230212634 	85.7628	86.8787	151381.3
230378778 	85.7943	86.8499	150516.5
230544844 	85.8260	86.7908	150329.2
230711709 	85.8575	86.6097	151265.7
230877145 	85.8891	86.6510	150170.7
231044329 	85.9207	86.7635	151121.9
231210311 	85.9518	86.6205	150121.5
231375644 	85.9832	86.8201	151129.4
231541924 	86.0146	86.9550	150304.1
231708945 	86.0460	86.6715	150885.3
231875165 	86.0774	86.7419	150503.6
232041581 	86.1085	86.8628	150393.7
232207555 	86.1396	86.8155	150327.9
232373488 	86.1705	86.8232	149909.6
232538757 	86.2013	86.6225	150607.4
232704842 	86.2320	86.6264	150722.7
232869516 	86.2630	86.6638	150673.4
233035558 	86.2940	86.7724	150332.1
233202241 	86.3248	86.6907	150732.9
233368340 	86.3557	86.6425	150522.9
233533854 	86.3864	86.7264	149748.1
233700814 	86.4170	86.6084	151392.7
233866849 	86.4475	86.8250	150228.7
234033601 	86.4776	86.5911	151274.0
234198706 	86.5078	86.5495	150091.8
234363232 	86.5381	86.4889	150198.7
234529916 	86.5683	86.6236	151361.8
234694855 	86.5986	86.6777	150351.7
234861518 	86.6289	86.7339	151055.1
235027201 	86.6592	86.4867	150038.1
235193982 	86.6894	86.5929	151262.8
235358760 	86.7194	86.5241	149918.2
235524312 	86.7493	86.5762	150440.3
235689889 	86.7790	86.5663	150708.7
235855338 	86.8088	86.6300	150566.3
236021163 	86.8387	86.4120	150834.8
236186989 	86.8683	86.6184	150504.9
236352538 	86.8979	86.4728	150784.0
236518399 	86.9274	86.5528	150744.9
236683653 	86.9571	86.3420	150406.9
236848963 	86.9864	86.5215	150382.2
237014810 	87.0159	86.6528	150932.2
237180266 	87.0454	86.6227	150627.1
237346211 	87.0746	86.5728	150759.0
237511305 	87.1037	86.4587	150770.6
237675994 	87.1330	86.6843	150096.6
237842236 	87.1621	86.4163	151142.8
238007370 	87.1913	86.5129	150659.9
238171466 	87.2201	86.4472	149411.7
238336418 	87.2492	86.5554	150562.4
238501475 	87.2780	86.5022	150393.6
238666953 	87.3069	86.5587	150680.2
238831159 	87.3356	86.4769	149828.9
238997393 	87.3642	86.5908	151233.5
239161930 	87.3928	86.3059	150566.3
239326934 	87.4211	86.6892	150301.6
239492163 	87.4495	86.4015	150912.8
239657363 	87.4782	86.4842	150898.7
239822225 	87.5066	86.4893	150656.5
239986559 	87.5348	86.4078	149996.1
240152588 	87.5631	86.3446	151313.7
240317721 	87.5916	86.5408	150213.4
240483023 	87.6202	86.4269	150908.4
240647223 	87.6483	86.3789	149626.1
240812296 	87.6765	86.1995	150840.0
240977349 	87.7045	86.5356	150646.0
241141588 	87.7327	86.2781	150489.8
241306696 	87.7604	86.4406	150856.3
241470207 	87.7883	86.3865	149275.0
241635114 	87.8163	86.4293	150921.3
241798799 	87.8440	87.1573	149420.0
241963768 	87.8715	86.2827	151028.7
242128911 	87.8993	86.2383	151005.0
242293672 	87.9269	86.5455	150634.8
242458773 	87.9545	86.4115	150708.8
242623352 	87.9818	86.4139	150285.3
242788324 	88.0094	86.5084	151089.6
242953062 	88.0367	86.0475	150101.5
243117652 	88.0639	86.1969	150712.0
243282618 	88.0912	86.2125	150789.1
243447402 	88.1184	86.3152	150506.5
243611467 	88.1456	86.2658	150186.3
243775642 	88.1727	86.4756	150127.9
243940725 	88.1998	86.5377	150949.6
244105408 	88.2268	86.5110	150385.0
244268916 	88.2538	86.2188	149749.6
244433015 	88.2807	86.4201	150262.9
244596414 	88.3074	86.1233	151338.9
244760587 	88.3343	86.2633	150399.6
244925383 	88.3610	86.1596	151098.7
245089342 	88.3878	86.0183	150392.3
245254057 	88.4142	86.2501	150641.1
245417848 	88.4408	86.2525	150253.3
245582815 	88.4673	86.3327	150854.8
245747161 	88.4941	86.3440	150672.5
245911418 	88.5205	86.1700	150310.4
246075591 	88.5469	86.1533	150384.1
246239353 	88.5729	86.2781	150462.1
246402312 	88.5989	86.1759	150421.4
246566291 	88.6249	86.2738	150453.4
246729333 	88.6510	85.8699	149684.2
246894327 	88.6770	86.3186	151556.7
247058257 	88.7028	86.2744	150020.3
247222745 	88.7288	86.2097	150988.7
247386866 	88.7547	85.9553	150461.1
247550566 	88.7806	86.1119	150325.8
247713853 	88.8062	85.9873	150385.6
247877318 	88.8316	86.2198	150503.6
248040262 	88.8574	86.0710	150481.3
248202887 	88.8831	86.3096	150114.4
248366889 	88.9088	86.2164	150797.3
248529600 	88.9342	85.9649	150138.1
248693863 	88.9598	86.3670	151008.8
248857293 	88.9853	86.1158	150052.2
249021424 	89.0107	86.1432	150966.8
249185095 	89.0361	86.0153	150853.3
249348645 	89.0610	86.0821	150882.0
249511339 	89.0863	86.1749	149916.9
249675228 	89.1113	86.0535	150460.4
249839102 	89.1364	86.0244	151045.7
250002056 	89.1615	86.2109	150011.9
250166176 	89.1866	85.8131	151092.5
250328507 	89.2114	86.2283	150158.5
250491990 	89.2365	86.1961	150675.7
250655433 	89.2613	86.0163	150407.9
250819308 	89.2859	85.9316	150744.7
250982791 	89.3108	85.9471	150750.2
251146111 	89.3353	86.0371	150507.4
251309187 	89.3601	85.9852	150358.8
251472226 	89.3845	85.9642	150156.3
251636434 	89.4088	85.8204	151139.8
251798363 	89.4332	85.9916	149264.7
251960625 	89.4575	86.1690	150438.6
252123571 	89.4821	85.9430	150464.9
252286851 	89.5066	85.9880	150583.5
252450393 	89.5308	85.9096	150650.8
252613641 	89.5551	86.0580	150477.8
252777574 	89.5794	85.7308	151133.4
252940024 	89.6034	86.0141	149795.0
253103893 	89.6278	86.2639	151193.3
253267192 	89.6520	85.9275	150595.9
253430502 	89.6760	86.0563	150831.7
253593575 	89.7000	86.1835	150615.6
253755368 	89.7240	85.9471	149427.3
253917709 	89.7479	86.1126	149729.3
254079952 	89.7717	86.0796	149896.7
254243833 	89.7955	85.9756	151266.6
254406974 	89.8193	85.8101	150049.6
254570359 	89.8429	85.8340	151267.7
254733546 	89.8667	86.1805	150357.4
254896496 	89.8903	85.9209	150617.5
255059629 	89.9138	85.9055	150637.2
255222139 	89.9372	85.7716	150392.0
255384799 	89.9605	86.0752	150221.9
255547434 	89.9836	86.1456	150341.9
255710552 	90.0070	85.8931	151117.5
255873172 	90.0300	86.1335	150277.8
256035969 	90.0535	85.6995	150578.3
256199075 	90.0766	85.8435	150420.2
256360923 	90.0996	85.9786	150883.2
256523600 	90.1229	85.8416	150486.9
256686187 	90.1458	85.8663	150821.6
256848702 	90.1689	85.8768	150250.4
257011245 	90.1917	86.0637	150415.6
257173633 	90.2146	85.9488	150758.6
257336234 	90.2374	85.9546	150308.2
257497982 	90.2601	85.7431	149885.9
257660248 	90.2826	85.9343	150393.7
257822809 	90.3051	85.8390	151074.2
257985017 	90.3276	85.8751	150540.7
258147697 	90.3500	85.7998	150646.6
258309709 	90.3724	85.7859	150644.1
258471243 	90.3949	85.8832	150086.2
258633481 	90.4177	85.6807	150287.7
258796585 	90.4400	85.8693	150781.5
258959539 	90.4625	85.5972	151232.4
259121887 	90.4847	85.8044	150416.8
259283740 	90.5069	85.8247	150556.0
259446104 	90.5293	85.8894	150645.6
259608965 	90.5513	85.9020	151136.1
259769572 	90.5733	85.6991	149227.5
259931608 	90.5955	85.8590	150715.4
260094015 	90.6175	85.5292	151188.4
260254908 	90.6394	85.5984	150363.5
260416917 	90.6614	85.7236	150666.1
260578841 	90.6833	85.8492	150368.8
260741494 	90.7052	85.7917	151096.4
260903263 	90.7271	85.8013	150318.2
261065429 	90.7490	85.6470	150465.9
261227640 	90.7707	85.8476	150856.6
261389412 	90.7925	85.7033	150391.0
261551824 	90.8143	85.9066	150762.6
261713671 	90.8361	85.4330	150629.7
261875837 	90.8576	85.6264	150807.6
262036284 	90.8788	85.5440	150066.2
262197937 	90.9003	85.7480	151116.1
262359796 	90.9218	85.5798	150041.6
262521350 	90.9433	85.8749	150643.5
262683109 	90.9647	85.6023	150852.8
262844474 	90.9859	85.9598	150460.8
263005009 	91.0070	86.7172	149626.6
263166850 	91.0281	85.8092	150676.1
263328363 	91.0492	85.6989	150562.6
263489387 	91.0703	85.9628	149955.4
263651189 	91.0912	85.6509	150842.5
263812511 	91.1122	85.4814	150150.2
263973731 	91.1332	85.7097	150493.3
264135456 	91.1540	85.5965	150269.9
264295386 	91.1747	85.6630	150594.5
264457193 	91.1957	85.4775	150977.0
264618162 	91.2164	85.7901	150734.3
264779206 	91.2372	85.7373	149751.5
264941393 	91.2580	85.7286	150992.3
265103473 	91.2787	85.6102	150887.3
265264919 	91.2994	85.8856	150192.2
265426993 	91.3199	85.5576	151124.7
265588575 	91.3402	85.8327	150320.9
265749291 	91.3609	85.5491	149844.4
265911097 	91.3813	85.7978	150497.3
266073123 	91.4017	85.7037	150942.5
266234146 	91.4220	85.4913	150142.5
266395588 	91.4423	85.2546	151264.6
266556367 	91.4624	85.5759	150386.0
266716656 	91.4824	85.6387	150455.1
266877215 	91.5024	85.8056	150501.9
267037035 	91.5225	85.5539	149715.5
267197374 	91.5429	85.5920	150420.4
267358852 	91.5631	85.7008	150438.9
267520669 	91.5830	85.7155	151072.7
267680015 	91.6030	85.8130	148666.8
267842275 	91.6231	85.7905	151224.9
268003193 	91.6429	85.5826	150441.4
268164239 	91.6627	85.3336	150483.8
268325725 	91.6825	85.5642	150775.7
268485977 	91.7023	85.3092	149946.3
268647260 	91.7220	85.3458	150586.4
268807575 	91.7418	85.6527	150375.5
268968414 	91.7615	85.6447	150323.0
269129825 	91.7809	85.6265	150838.6
269289953 	91.8005	85.5027	150507.6
269450816 	91.8200	85.6452	150672.8
269612476 	91.8394	85.8161	150911.9
269772591 	91.8588	85.3962	149939.4
269933825 	91.8784	85.5566	151030.4
270095012 	91.8977	85.5602	150635.4
270255931 	91.9171	85.4974	150538.5
270417514 	91.9365	85.4977	151170.5
270576341 	91.9557	85.3184	148506.4
270737931 	91.9747	85.6211	151478.6
270898072 	91.9938	85.4095	150339.6
271059076 	92.0128	85.4699	150620.3
271219383 	92.0319	85.6443	150804.9
271380089 	92.0509	85.2415	150472.4
271540573 	92.0697	85.4856	150276.8
271700096 	92.0885	85.4858	150964.2
271860377 	92.1074	85.4686	150214.8
272021253 	92.1262	85.5969	150362.2
272182218 	92.1450	85.4484	150762.3
272342011 	92.1636	85.6395	149941.3
272503834 	92.1823	85.2972	151694.1
272664519 	92.2009	85.2172	150384.4
272825526 	92.2194	85.4127	150872.3
272985822 	92.2380	85.3851	150240.8
273146937 	92.2566	85.4934	151315.8
273307146 	92.2753	85.5343	150191.9
273467508 	92.2936	85.5235	150245.1
273627538 	92.3121	85.4839	150224.5
273787918 	92.3305	85.4828	150332.1
273948829 	92.3490	85.2845	150770.6
274108289 	92.3671	85.4126	149753.3
274269961 	92.3854	85.2469	151859.9
274430129 	92.4035	85.4391	150248.0
274590152 	92.4216	85.5027	150591.2
274750223 	92.4395	85.3867	150569.6
274911050 	92.4575	85.1988	151181.9
275070711 	92.4755	85.4676	150258.2
275230917 	92.4933	85.5112	150694.5
275391455 	92.5112	85.4858	150975.4
275551701 	92.5292	85.3344	150267.3
275712249 	92.5471	85.4562	151115.8
275871455 	92.5648	85.4444	149659.1
276031699 	92.5825	85.2945	150771.9
276191848 	92.6001	85.4913	150153.3
276351311 	92.6180	85.2215	150172.0
276511410 	92.6359	85.4111	150482.3
276671136 	92.6533	85.2513	150743.1
276830292 	92.6707	85.1183	149960.0
276990424 	92.6882	85.5158	150908.0
277150840 	92.7058	85.3552	150849.2
277310963 	92.7233	85.1704	150064.2
277471032 	92.7409	85.2765	150888.8
277631390 	92.7582	85.5310	150653.2
277791391 	92.7758	85.2078	150571.3
277951681 	92.7930	85.4999	150426.5
278111883 	92.8105	85.4264	150688.0
278271773 	92.8278	85.5862	150503.1
278431940 	92.8452	85.4187	150477.9
278591424 	92.8621	85.5694	150261.7
278751601 	92.8791	85.5368	150760.2
278911076 	92.8965	85.3071	150555.5
279071040 	92.9135	85.2789	150587.4
279231067 	92.9306	85.2412	150592.1
279390886 	92.9477	85.3699	150068.2