134299    	0.1415	0.1877	133250.2
284699    	0.2704	0.2381	150211.9
434556    	0.3970	0.3430	149665.9
582772    	0.5242	0.4885	149626.5
731356    	0.6506	0.5614	149501.3
880527    	0.7776	0.6811	150189.5
1029321   	0.9037	0.7782	149598.5
1178914   	1.0307	0.8677	150792.4
1327701   	1.1571	1.0226	149277.2
1477418   	1.2840	1.0726	150053.1
1626378   	1.4096	1.2056	149292.3
1775610   	1.5368	1.2772	150308.1
1925646   	1.6634	1.4783	149363.3
2075677   	1.7907	1.5700	149903.4
2226030   	1.9184	1.5804	149488.8
2378023   	2.0468	1.6975	150218.8
2529209   	2.1745	1.8597	148941.6
2681827   	2.3026	1.9327	150742.6
2833987   	2.4307	2.0832	150006.9
2986505   	2.5591	2.2368	150033.9
3139429   	2.6884	2.3093	149426.4
3293380   	2.8175	2.4290	150036.4
3445930   	2.9460	2.5363	148495.5
3599290   	3.0750	2.5923	149890.8
3753162   	3.2047	2.7295	149505.1
3908418   	3.3342	2.9034	149701.0
4063622   	3.4648	2.7561	149724.7
4219401   	3.5942	3.0245	149844.1
4374405   	3.7247	3.1962	149454.9
4531072   	3.8551	3.3098	149635.9
4688307   	3.9864	3.4604	150306.9
4844811   	4.1164	3.5141	149258.7
5001581   	4.2480	3.6712	149622.0
5159365   	4.3794	3.6687	149912.2
5318157   	4.5110	3.7810	150360.8
5477856   	4.6437	3.8259	149775.6
5637317   	4.7759	4.0266	149656.5
5796330   	4.9072	4.2241	149832.9
5955362   	5.0394	4.2458	149656.2
6115079   	5.1731	4.1995	149788.0
6276462   	5.3051	4.4371	149658.2
6437568   	5.4390	4.5997	150180.2
6598804   	5.5715	4.7873	149520.5
6760055   	5.7046	4.8002	149766.3
6920971   	5.8381	4.8764	149183.7
7083736   	5.9717	4.9603	150208.8
7246641   	6.1058	5.1398	150097.3
7408519   	6.2401	5.1868	148534.4
7571834   	6.3748	5.4397	149591.2
7736450   	6.5086	5.3667	150026.7
7900527   	6.6442	5.7144	149659.0
8065450   	6.7794	5.6942	149931.5
8229873   	6.9140	5.6801	148953.9
8394570   	7.0488	6.0661	149887.2
8560883   	7.1844	6.0753	150229.9
8726224   	7.3200	6.1046	149261.1
8892941   	7.4559	6.3326	149628.7
9060211   	7.5926	6.3690	149942.5
9227352   	7.7287	6.3605	149131.4
9395935   	7.8653	6.4485	150500.8
9562767   	8.0016	6.6521	149253.5
9731287   	8.1377	6.9857	150102.4
9899369   	8.2753	6.8342	149950.0
10069095  	8.4126	6.9994	149761.7
10238839  	8.5499	7.1503	149741.9
10408358  	8.6872	7.2759	149820.7
10578632  	8.8245	7.3663	149968.8
10748716  	8.9620	7.4517	149488.1
10919308  	9.0991	7.5012	149940.2
11089352  	9.2374	7.5597	149723.8
11259096  	9.3756	7.8190	148105.6
11431042  	9.5135	8.0771	150213.4
11602744  	9.6517	7.9578	149566.3
11773884  	9.7897	8.0811	148991.4
11945866  	9.9273	8.3186	149795.6
12117705  	10.0661	8.4807	149939.2
12290981  	10.2042	8.6308	149822.2
12463317  	10.3431	8.6579	149427.6
12636720  	10.4814	8.6809	149714.1
12809849  	10.6205	9.0461	149634.6
12984434  	10.7593	8.9283	150340.7
13159106  	10.8984	8.9862	150208.7
13332505  	11.0374	9.2030	149093.2
13504794  	11.1748	9.4497	148131.0
13678862  	11.3133	9.6099	149957.5
13852485  	11.4522	9.7217	148824.9
14027940  	11.5910	9.6400	150405.5
14202034  	11.7289	9.7225	149196.6
14376898  	11.8675	9.8562	150574.9
14550362  	12.0058	10.1427	148486.7
14725599  	12.1440	10.2424	150098.5
14900686  	12.2817	10.3585	150118.8
15075511  	12.4203	10.3339	149771.5
15251364  	12.5581	10.4786	150038.3
15426633  	12.6962	10.6816	150013.9
15600711  	12.8338	10.8482	148855.2
15776876  	12.9714	10.9531	150554.5
15952099  	13.1092	11.0134	149674.5
16128241  	13.2465	11.0435	150249.6
16303911  	13.3839	11.1546	149976.1
16478592  	13.5211	11.2213	149565.9
16654601  	13.6588	11.4543	150419.0
16830161  	13.7966	11.6558	149292.3
17006083  	13.9335	11.6176	149701.9
17182017  	14.0703	11.8492	149838.4
17357166  	14.2066	11.9529	149381.6
17533004  	14.3434	12.0498	150467.8
17708545  	14.4805	12.2153	149431.2
17885351  	14.6171	12.0816	150410.3
18061986  	14.7545	12.3801	150058.7
18238259  	14.8911	12.2667	149717.1
18415723  	15.0284	12.2269	150425.1
18591772  	15.1646	12.5415	149551.1
18766987  	15.3001	12.8935	149199.9
18943449  	15.4370	12.8228	149888.1
19120090  	15.5727	13.0535	149848.7
19296801  	15.7084	13.0351	150037.2
19472643  	15.8442	13.2364	150006.2
19649196  	15.9797	13.3319	150056.0
19825734  	16.1156	13.4803	149878.7
20000813  	16.2511	13.6157	148612.6
20178653  	16.3869	13.8976	150278.0
20355680  	16.5222	13.9640	150152.1
20532492  	16.6569	13.7929	150319.6
20709346  	16.7929	13.8791	150045.2
20886259  	16.9277	14.0586	149503.5
21062641  	17.0627	14.3260	149520.7
21239318  	17.1981	14.5339	149680.5
21416803  	17.3332	14.4501	149809.5
21593783  	17.4687	14.5378	149513.7
21771189  	17.6035	14.8282	149566.4
21948905  	17.7384	15.1356	149928.8
22126784  	17.8736	14.6942	149641.1
22305014  	18.0082	15.2268	150254.8
22482931  	18.1432	14.9358	149912.8
22659877  	18.2778	15.0762	148848.6
22837890  	18.4125	15.4550	150388.3
23015324  	18.5463	15.5517	149089.8
23192860  	18.6799	15.7867	149798.3
23368699  	18.8138	15.6303	148459.0
23546553  	18.9473	16.0090	149792.4
23724082  	19.0807	15.9018	149650.9
23901098  	19.2143	16.1310	149293.2
24079247  	19.3481	16.0149	149970.7
24258244  	19.4822	16.4012	150327.6
24436137  	19.6153	16.2917	149378.2
24614227  	19.7485	16.4657	149889.6
24791339  	19.8822	16.5980	149103.1
24970024  	20.0152	16.5958	149496.9
25148348  	20.1491	16.6547	150169.6
25327085  	20.2822	17.0351	149670.2
25506382  	20.4149	16.9866	150258.7
25684019  	20.5479	17.2669	149338.4
25862611  	20.6801	17.3273	149488.0
26041198  	20.8130	17.1703	150113.1
26219077  	20.9452	17.5197	149209.9
26398630  	21.0775	17.5064	150561.4
26576001  	21.2107	17.6494	148771.3
26753678  	21.3427	17.9520	148304.7
26933201  	21.4749	17.9749	150193.5
27111756  	21.6066	18.1536	149542.4
27290451  	21.7384	18.2022	149779.6
27470027  	21.8704	18.1950	150501.4
27648512  	22.0018	18.4417	149405.1
27826441  	22.1332	18.4937	149012.9
28004977  	22.2648	18.7366	149084.4
28184684  	22.3966	18.7144	149960.8
28364454  	22.5283	18.8139	150121.0
28543329  	22.6591	18.9315	149518.3
28722326  	22.7902	19.1897	149414.7
28901558  	22.9211	19.2031	149800.8
29080524  	23.0516	19.3374	149603.4
29259814  	23.1824	19.3497	150017.3
29438626  	23.3133	19.4127	149720.9
29618193  	23.4441	19.2224	149814.2
29798865  	23.5745	19.5930	150851.0
29977595  	23.7050	19.7969	149641.5
30157504  	23.8348	20.0204	149895.1
30336644  	23.9649	19.8837	149863.8
30516847  	24.0952	20.1993	150207.1
30696855  	24.2247	20.2901	150513.4
30875614  	24.3542	20.1250	149924.4
31054638  	24.4832	20.6935	149486.0
31234558  	24.6134	20.5195	150231.4
31414322  	24.7430	20.6744	149481.8
31595335  	24.8720	20.8041	150776.7
31773128  	25.0010	20.8607	148893.6
31953033  	25.1303	20.9043	149719.9
32132749  	25.2597	21.1664	149415.1
32313547  	25.3887	21.3948	150121.2
32493807  	25.5172	21.0858	150071.1
32673456  	25.6461	21.5322	149795.1
32853250  	25.7745	21.6014	149429.6
33034477  	25.9034	21.5835	151016.9
33214343  	26.0321	21.8340	148769.0
33395637  	26.1606	21.8679	150783.9
33576830  	26.2894	22.2402	150092.6
33757806  	26.4179	22.1197	149854.8
33938479  	26.5457	22.2614	150037.8
34119485  	26.6741	22.2712	150158.7
34300637  	26.8020	22.4495	149837.1
34481248  	26.9304	22.5319	149863.2
34662845  	27.0579	22.6456	149863.3
34843339  	27.1854	22.8615	149880.1
35023799  	27.3132	22.8786	149230.8
35204316  	27.4401	22.7619	149487.9
35384874  	27.5677	23.1432	149802.1
35566250  	27.6947	23.3438	150091.1
35746362  	27.8211	23.2582	149347.5
35927660  	27.9482	23.3586	150444.7
36108452  	28.0745	23.3315	149716.8
36288783  	28.2014	23.4999	149971.2
36470754  	28.3281	23.7652	150385.2
36651694  	28.4544	23.7974	149481.7
36832697  	28.5804	23.7278	150216.1
37013055  	28.7064	24.1790	149201.1
37194255  	28.8321	23.9483	150321.4
37375699  	28.9586	24.2939	150137.0
37557033  	29.0848	24.1020	149322.8
37739368  	29.2106	24.4410	150663.3
37919533  	29.3360	24.5301	148859.6
38099832  	29.4611	24.6175	149387.9
38281744  	29.5869	24.6770	150192.5
38463030  	29.7125	24.8156	149623.0
38644747  	29.8382	24.8586	149771.0
38826870  	29.9633	24.8957	149888.6
39009093  	30.0892	25.0351	150238.8
39191731  	30.2138	25.4053	150253.9
39373646  	30.3389	25.2223	150305.7
39555852  	30.4636	25.5864	149966.8
39738136  	30.5887	25.7864	150201.9
39920242  	30.7131	25.6788	149508.0
40102088  	30.8374	25.7759	149826.7
40283664  	30.9619	25.7189	150007.0
40465720  	31.0856	25.9697	149845.9
40647220  	31.2096	25.9557	149700.0
40828675  	31.3331	26.3239	149134.4
41010788  	31.4563	26.4406	150272.5
41192401  	31.5797	26.6258	149434.9
41374940  	31.7033	26.5949	149828.6
41557015  	31.8264	26.8556	150003.9
41739211  	31.9496	26.8629	149698.0
41920932  	32.0729	26.6864	149537.0
42103698  	32.1959	26.8623	150104.6
42286318  	32.3187	27.0379	149979.0
42468524  	32.4410	26.9012	149991.3
42650407  	32.5637	27.1847	149526.5
42832929  	32.6860	27.0553	149806.7
43015210  	32.8084	27.5531	149967.5
43197731  	32.9308	27.4439	149900.3
43380342  	33.0532	27.4752	150017.7
43562961  	33.1752	27.6640	149921.3
43745571  	33.2974	27.7568	149725.4
43927300  	33.4185	27.9234	149547.6
44108686  	33.5402	27.8815	149109.2
44291148  	33.6616	28.0154	149534.4
44474137  	33.7829	28.0483	150320.6
44656390  	33.9037	28.4456	149873.4
44837497  	34.0245	28.2121	149127.1
45020476  	34.1457	28.3049	150479.7
45203252  	34.2663	28.7263	149724.5
45384681  	34.3867	28.6164	149095.8
45567223  	34.5076	28.8914	149819.2
45749881  	34.6275	28.9911	149507.1
45932761  	34.7476	29.0588	149878.9
46114069  	34.8675	29.1614	148951.9
46296372  	34.9875	29.2208	149577.8
46479509  	35.1075	29.1119	150028.1
46660594  	35.2274	29.3254	148420.0
46844361  	35.3466	29.5454	150545.4
47026695  	35.4658	29.5658	149641.9
47208955  	35.5847	29.6149	149771.0
47391979  	35.7041	29.7784	150396.5
47574649  	35.8231	29.6784	149564.1
47757797  	35.9421	29.6217	149733.0
47940274  	36.0608	30.3893	149848.0
48122847  	36.1791	30.2170	149138.0
48305647  	36.2975	30.5499	150153.2
48489189  	36.4162	30.2135	149813.2
48672007  	36.5345	30.4726	149360.7
48855523  	36.6528	30.5130	150355.8
49038169  	36.7708	30.6684	149279.1
49221585  	36.8881	30.8855	149867.9
49404496  	37.0062	30.9575	150190.8
49588157  	37.1236	31.1640	149589.2
49771321  	37.2404	31.0483	149962.3
49953723  	37.3580	31.2913	149534.1
50137504  	37.4750	31.5170	149996.2
50321366  	37.5913	31.3705	150204.4
50503546  	37.7080	31.2840	150003.1
50685518  	37.8242	31.7933	149052.8
50869189  	37.9412	31.6015	150179.5
51052972  	38.0577	32.0785	149836.3
51236649  	38.1737	32.0008	149927.1
51420174  	38.2903	32.1521	150060.6
51603451  	38.4065	32.2660	149460.0
51787761  	38.5222	32.1566	150693.8
51971055  	38.6379	32.3286	149709.4
52154848  	38.7538	32.2871	150094.4
52339118  	38.8690	32.6138	150338.3
52522498  	38.9848	32.5273	149623.0
52706046  	39.0996	33.0019	150087.6
52889783  	39.2147	32.7909	150288.2
53073899  	39.3301	32.7308	150021.3
53257864  	39.4446	32.8499	150281.8
53441331  	39.5593	33.1336	149967.9
53624783  	39.6738	33.0250	149508.1
53809395  	39.7882	33.4723	150501.3
53993516  	39.9025	33.2682	149670.0
54176421  	40.0163	33.4215	149632.5
54360829  	40.1309	33.2524	150565.4
54544311  	40.2444	33.7672	149520.0
54728197  	40.3577	33.7058	150364.7
54911466  	40.4712	33.5812	149642.4
55093775  	40.5843	33.9304	148844.6
55277763  	40.6974	34.0492	150037.5
55461236  	40.8104	33.9986	149463.2
55645476  	40.9231	34.1771	150523.7
55828944  	41.0361	34.2617	149756.2
56012889  	41.1490	34.3520	149447.6
56197547  	41.2614	34.6159	150456.4
56381811  	41.3739	34.6126	149834.8
56566087  	41.4858	35.0357	149782.8
56749754  	41.5975	34.9736	149851.3
56934163  	41.7093	34.8834	150443.5
57117971  	41.8210	34.8034	149890.0
57301619  	41.9325	35.0951	149861.6
57486509  	42.0443	35.0182	150304.0
57670532  	42.1554	35.4524	150020.4
57855234  	42.2669	35.2323	150139.0
58037373  	42.3775	35.4477	148554.3
58222242  	42.4889	35.6270	150288.6
58405828  	42.5999	35.5083	149235.9
58589841  	42.7102	35.6790	149751.3
58774061  	42.8204	35.7487	150196.2
58957498  	42.9308	35.7282	149519.9
59142093  	43.0408	35.7808	150470.4
59325849  	43.1505	36.0212	149830.4
59509786  	43.2602	36.1242	149907.5
59693203  	43.3695	36.1438	150091.6
59876821  	43.4786	36.0075	149742.1
60061007  	43.5877	36.4547	150378.8
60244234  	43.6967	36.2618	149447.6
60427943  	43.8053	36.6849	149721.7
60611411  	43.9135	36.8912	149850.3
60795051  	44.0223	36.8697	149587.6
60979499  	44.1313	36.6676	149992.0
61164069  	44.2394	37.0305	150243.9
61347815  	44.3476	37.1570	150027.5
61532071  	44.4551	37.2048	150311.1
61716284  	44.5630	37.0976	150273.2
61900340  	44.6710	37.1411	149900.8
62083877  	44.7776	37.7711	149509.8
62268169  	44.8851	37.4957	150472.8
62452647  	44.9928	37.4313	149921.8
62636424  	45.1000	37.5734	149666.0
62820478  	45.2067	37.5441	149940.7
63003922  	45.3128	37.8283	149547.9
63188599  	45.4192	37.9124	150584.9
63372250  	45.5257	38.1524	149590.7
63557130  	45.6320	38.2491	150181.8
63741661  	45.7382	38.2456	150301.7
63926049  	45.8440	38.3807	150026.2
64109831  	45.9495	38.4612	149754.1
64294381  	46.0557	38.3164	149793.3
64479113  	46.1614	38.5822	150054.3
64663861  	46.2664	38.8124	150116.9
64847988  	46.3722	38.6813	149987.4
65033133  	46.4773	38.6331	150401.5
65217780  	46.5825	38.6686	150491.2
65401871  	46.6870	38.8291	149419.9
65585823  	46.7909	38.9587	149812.1
65769554  	46.8951	39.0586	149725.4
65953316  	46.9989	39.5268	149776.3
66136743  	47.1023	39.3172	149904.8
66320781  	47.2057	39.3855	150401.6
66503360  	47.3090	39.2689	149202.9
66688491  	47.4125	39.5241	150914.6
66871752  	47.5157	39.4407	149573.7
67055550  	47.6187	39.4595	150115.7
67240263  	47.7219	39.6382	150322.9
67424499  	47.8244	40.0469	149744.6
67608775  	47.9270	40.0184	150129.6
67793108  	48.0296	39.7239	150331.0
67976446  	48.1318	39.9841	150002.7
68160476  	48.2340	40.0964	149933.2
68344682  	48.3358	40.3664	149844.8
68528127  	48.4370	40.5823	149975.6
68712494  	48.5387	40.6758	150278.7
68896241  	48.6403	40.6037	149455.6
69080184  	48.7411	40.7106	149660.7
69264179  	48.8424	40.6683	150245.2
69447120  	48.9430	40.8055	149697.1
69631179  	49.0436	41.2611	149830.4
69815384  	49.1443	40.9243	150027.9
69999407  	49.2447	41.1417	150031.2
70183805  	49.3451	41.1992	150291.9
70367971  	49.4453	41.5853	149378.4
70551936  	49.5447	41.1484	150228.5
70736196  	49.6450	41.5047	149828.0
70920529  	49.7447	41.6477	150056.0
71105272  	49.8441	41.5907	150467.4
71288878  	49.9434	41.8861	149404.2
71472569  	50.0423	41.5884	149827.6
71655966  	50.1413	41.6399	149938.8
71839519  	50.2402	41.8350	149650.7
72024589  	50.3391	41.9514	150689.5
72209721  	50.4377	42.1587	150479.2
72392761  	50.5362	42.2190	149256.1
72576303  	50.6343	42.2930	149365.0
72760095  	50.7320	42.4004	149916.7
72944002  	50.8295	42.6537	149821.7
73127945  	50.9271	42.2590	150142.1
73311822  	51.0247	42.8404	149477.1
73496613  	51.1217	42.5347	150376.8
73680419  	51.2189	42.6659	150007.8
73863684  	51.3154	42.7750	149545.6
74046870  	51.4119	42.7577	149513.1
74231028  	51.5085	43.2200	150417.5
74414479  	51.6045	43.1811	149637.3
74598318  	51.7008	43.1470	150005.9
74782179  	51.7967	43.2590	149856.6
74966225  	51.8918	43.4995	150094.5
75149705  	51.9877	43.1773	150011.3
75332868  	52.0828	43.5465	149396.3
75516965  	52.1781	43.3828	150594.0
75700656  	52.2732	43.7518	149888.2
75883200  	52.3682	43.5950	149486.3
76067352  	52.4628	43.6964	150235.3
76251457  	52.5574	43.8848	150137.6
76435337  	52.6513	44.2888	150061.9
76618029  	52.7462	43.7618	149018.6
76801429  	52.8401	44.3444	149615.6
76985244  	52.9342	44.1379	150190.8
77169035  	53.0282	43.9771	149924.9
77351735  	53.1216	44.4651	149104.5
77535558  	53.2149	44.6426	150519.9
77719787  	53.3080	44.5772	150174.3
77902628  	53.4010	44.3911	149633.7
78086557  	53.4941	44.7693	150069.4
78270977  	53.5867	44.5610	150293.0
78454266  	53.6789	44.8471	149993.1
78637764  	53.7715	44.7292	149946.4
78821870  	53.8640	45.0644	150094.8
79006081  	53.9561	44.9601	150433.8
79189393  	54.0483	44.9271	149823.2
79372464  	54.1399	45.1505	149325.4
79556161  	54.2317	45.1848	150153.5
79740216  	54.3232	45.3913	149879.9
79923707  	54.4145	45.2386	150329.9
80107749  	54.5058	45.5180	150001.7
80291322  	54.5968	45.5783	149868.9
80475148  	54.6873	45.9007	150213.1
80658550  	54.7776	45.8964	149680.1
80842846  	54.8677	46.0714	150261.2
81026575  	54.9581	45.9238	150260.8
81210083  	55.0481	46.0252	149483.0
81393460  	55.1379	45.7776	150397.8
81577174  	55.2279	45.9813	150046.3
81760273  	55.3175	46.3266	149385.6
81944594  	55.4071	46.4032	150581.1
82127880  	55.4962	46.2301	149664.7
82311479  	55.5850	46.5142	150133.6
82494687  	55.6736	46.9138	149985.5
82677581  	55.7622	46.4941	149565.1
82860639  	55.8508	46.7483	150106.5
83044126  	55.9392	46.5106	149896.4
83227740  	56.0273	46.7056	150014.2
83411240  	56.1149	46.7890	150087.3
83594710  	56.2024	47.1789	149869.8
83776769  	56.2899	47.0287	148936.8
83959798  	56.3775	47.1344	150368.3
84142573  	56.4647	47.0079	149403.6
84325569  	56.5512	47.4943	150056.6
84508507  	56.6386	47.2678	150077.1
84691059  	56.7253	47.1524	149251.0
84875217  	56.8116	47.5023	150958.5
85057939  	56.8979	47.5157	149711.7
85240847  	56.9840	47.5021	149958.9
85423495  	57.0700	47.6748	150154.3
85606555  	57.1564	47.5858	149830.9
85789210  	57.2416	47.7543	149951.2
85972105  	57.3273	47.8529	150272.2
86155012  	57.4129	47.9629	149592.5
86338062  	57.4979	48.2235	150056.3
86521634  	57.5834	48.0662	150462.1
86704230  	57.6680	48.1651	149812.0
86887491  	57.7527	48.1888	150597.9
87070264  	57.8370	48.2644	149611.8
87252336  	57.9209	48.0380	149765.3
87434509  	58.0049	48.4863	149858.8
87616517  	58.0886	49.0331	149636.4
87799950  	58.1727	48.7311	150428.6
87983163  	58.2561	48.5138	150382.7
88165257  	58.3392	48.7533	149823.8
88347906  	58.4227	48.7182	150301.2
88530249  	58.5061	48.9751	149398.3
88713244  	58.5895	48.7701	150518.4
88896376  	58.6720	48.8609	150186.6
89078522  	58.7544	48.8951	149698.3
89262160  	58.8369	49.2419	150599.1
89444333  	58.9192	49.1699	149764.6
89625829  	59.0010	49.3607	149369.6
89808448  	59.0828	49.5244	150260.5
89989571  	59.1642	49.3302	149124.5
90171867  	59.2453	49.6059	150194.3
90354201  	59.3268	49.5385	150184.0
90536148  	59.4077	49.5261	149753.9
90718776  	59.4886	49.6908	150320.9
90900800  	59.5694	49.8446	150030.6
91082902  	59.6494	49.8228	150415.0
91264547  	59.7302	50.1145	149825.4
91446163  	59.8105	49.8014	149543.8
91628169  	59.8911	50.0286	150246.7
91810267  	59.9715	49.8793	149977.2
91992010  	60.0511	50.1605	149833.3
92174859  	60.1310	50.5159	150641.9
92356542  	60.2106	50.4620	149624.5
92538758  	60.2898	50.4608	150264.0
92720396  	60.3690	50.6254	149813.8
92901531  	60.4481	50.2726	149353.4
93083741  	60.5265	50.9307	150193.3
93265601  	60.6051	50.6505	149960.5
93446993  	60.6838	50.4870	149913.7
93629164  	60.7627	50.4971	150322.7
93810725  	60.8412	50.7440	149452.5
93993106  	60.9194	50.8667	150225.0
94174805  	60.9973	51.1354	149852.2
94356644  	61.0750	50.6690	150145.4
94539344  	61.1529	51.2246	150656.1
94719787  	61.2302	50.8640	148992.7
94901501  	61.3077	51.0816	149820.7
95083587  	61.3853	51.1161	150337.2
95264971  	61.4622	51.2473	149521.0
95446599  	61.5386	51.2917	150134.4
95628578  	61.6152	51.3871	150215.5
95809556  	61.6917	51.5404	149398.4
95992114  	61.7682	51.4370	150599.8
96174108  	61.8445	51.4967	149930.3
96355466  	61.9202	51.7192	150280.3
96537549  	61.9963	51.5658	150259.4
96718805  	62.0719	51.8054	149882.3
96900454  	62.1474	51.5710	150263.0
97081845  	62.2228	52.0320	150082.3
97263109  	62.2983	51.7271	149985.9
97443736  	62.3736	51.8569	149506.1
97625020  	62.4483	51.6967	149831.8
97806087  	62.5228	52.1819	150066.0
97987317  	62.5978	51.8925	150067.6
98168195  	62.6721	52.0144	149766.3
98349503  	62.7469	51.7095	150310.9
98530626  	62.8215	52.0550	149984.3
98711090  	62.8956	51.8559	149215.4
98892248  	62.9700	52.0585	150366.3
99072990  	63.0444	51.8158	149804.4
99254173  	63.1184	52.2708	149881.8
99434798  	63.1918	52.1499	149690.3
99615153  	63.2655	52.1447	149979.4
99796846  	63.3390	51.8813	150777.4
99976301  	63.4127	52.0019	148916.7
100155473 	63.4859	52.0652	149115.7
100336649 	63.5595	51.9308	150216.1
100517558 	63.6327	52.1142	149884.4
100699101 	63.7057	52.1118	150246.6
100879454 	63.7783	52.3700	149848.1
101058923 	63.8508	52.0123	149336.9
101239900 	63.9235	52.0687	150355.2
101420783 	63.9961	52.3735	149526.4
101600986 	64.0686	52.1547	149444.3
101780621 	64.1416	51.9373	148675.8
101961222 	64.2140	51.9809	150013.0
102142319 	64.2860	52.1924	150478.2
102322282 	64.3581	51.9147	149385.1
102502681 	64.4300	52.1169	150236.6
102683616 	64.5023	52.2957	150262.4
102862846 	64.5740	52.0485	148948.2
103043542 	64.6456	52.0073	150204.7
103224541 	64.7170	52.3811	150317.5
103403401 	64.7887	52.1919	148603.8
103585580 	64.8604	52.1548	151396.7
103766320 	64.9316	52.1466	149787.7
103946816 	65.0026	52.5026	150084.3
104127268 	65.0736	52.1651	149916.1
104307477 	65.1443	52.1781	150088.2
104487394 	65.2151	52.2924	149884.6
104667706 	65.2857	52.2946	149646.9
104845574 	65.3559	52.3483	148924.1
105026571 	65.4259	52.4849	150762.5
105204681 	65.4961	52.3626	149262.5
105384548 	65.5666	52.2925	150280.4
105564988 	65.6365	52.4796	150143.5
105744559 	65.7064	52.2650	149835.4
105924746 	65.7764	52.3371	150182.4
106104524 	65.8463	52.2739	149777.2
106284563 	65.9163	52.3116	150005.9
106464901 	65.9863	52.2237	150074.4
106645237 	66.0558	52.5091	150037.6
106825013 	66.1255	52.3162	149807.9
107005704 	66.1946	52.3520	150428.0
107184957 	66.2632	52.3309	149809.5
107364580 	66.3318	52.5689	150241.6
107543109 	66.4005	52.3323	149503.4
107722639 	66.4691	52.3518	150268.3
107901959 	66.5376	52.4366	150158.7
108080960 	66.6059	52.3879	149694.9
108260263 	66.6745	52.4998	149789.8
108440551 	66.7433	52.5223	150014.7
108620394 	66.8114	52.1502	150008.8
108800144 	66.8795	52.2593	150521.2
108978632 	66.9473	52.4032	149447.0
109158812 	67.0152	52.6580	150969.3
109337034 	67.0832	52.4441	148963.4
109516206 	67.1508	52.4199	149893.0
109696031 	67.2185	52.5217	150216.9
109873596 	67.2856	52.5365	148587.0
110052709 	67.3533	52.4556	150071.7
110231796 	67.4203	52.2307	149876.0
110410419 	67.4871	52.7208	149850.7
110589358 	67.5541	52.7370	150188.2
110769103 	67.6211	52.5118	150374.7
110948175 	67.6875	52.5584	150231.4
111126652 	67.7544	52.4384	149870.1
111306061 	67.8206	52.7354	150184.8
111484922 	67.8871	52.2901	150002.9
111664693 	67.9535	52.7506	150069.5
111843409 	68.0200	52.4255	150343.6
112022264 	68.0862	52.3296	149936.6
112200425 	68.1516	52.4470	149571.1
112379506 	68.2178	52.5837	150669.8
112558425 	68.2836	52.2663	149672.3
112737510 	68.3494	52.1725	150193.1
112914906 	68.4152	52.5476	148758.0
113094080 	68.4808	52.6267	150175.5
113273125 	68.5462	52.4516	150010.5
113452183 	68.6114	52.8763	149941.7
113631548 	68.6765	52.7246	150380.6
113809690 	68.7415	52.5513	149627.1
113987168 	68.8063	52.7185	149805.3
114166671 	68.8710	52.4591	150254.0
114345097 	68.9357	52.3761	150206.8
114523390 	69.0002	52.3177	149793.8
114701805 	69.0652	52.5700	150040.5
114879659 	69.1295	52.6345	149391.2
115058366 	69.1935	52.4524	150356.4
115236447 	69.2575	52.8962	150154.6
115414197 	69.3215	52.5442	149645.4
115593022 	69.3856	52.8854	150431.6
115770710 	69.4492	52.4406	149359.4
115948534 	69.5125	52.8293	149893.8
116124947 	69.5763	52.4707	148690.4
116303738 	69.6398	52.7499	150479.1
116481982 	69.7032	52.6680	150309.9
116659080 	69.7664	52.6499	149351.1
116837871 	69.8294	52.5773	150622.6
117014777 	69.8926	52.6280	149278.3
117193756 	69.9557	52.4536	150372.2
117372149 	70.0185	52.7675	150135.0
117549071 	70.0817	52.7597	149307.5
117727593 	70.1438	52.6991	150427.4
117904472 	70.2063	52.6155	149387.6
118082247 	70.2684	52.7989	149792.4
118260213 	70.3304	52.7089	150593.0
118437690 	70.3925	53.0039	149982.9
118615429 	70.4542	52.6777	150128.7
118793046 	70.5159	52.4501	150324.3
118970695 	70.5771	52.9800	149781.2
119148310 	70.6385	52.8420	150244.9
119325560 	70.6999	52.6233	149823.1
119503397 	70.7612	52.7197	150150.7
119680261 	70.8224	52.8698	149552.7
119857498 	70.8834	52.8458	149638.2
120035661 	70.9441	52.8203	150675.6
120212784 	71.0046	53.0182	150125.2
120389913 	71.0653	52.9710	149889.3
120567413 	71.1262	52.7364	150111.5
120745207 	71.1868	52.6972	149801.9
120922036 	71.2472	52.9226	149887.4
121099626 	71.3072	52.7840	150352.2
121276523 	71.3670	52.8265	149919.3
121453638 	71.4272	52.7362	150134.5
121630819 	71.4872	52.7045	149646.9
121808440 	71.5471	52.8192	150348.9
121985690 	71.6070	52.9517	149990.6
122161686 	71.6668	52.7969	149585.5
122339137 	71.7267	53.0125	150266.2
122515886 	71.7860	53.0063	149686.2
122691655 	71.8450	52.7196	149565.7
122868040 	71.9043	52.7373	149993.1
123044012 	71.9632	52.7016	149657.6
123221411 	72.0223	52.7109	150588.9
123397343 	72.0811	53.0150	149112.6
123574320 	72.1399	52.9169	149957.7
123751029 	72.1987	53.0565	150490.2
123926784 	72.2571	52.7271	149400.7
124103512 	72.3153	53.0938	150142.2
124279758 	72.3739	52.9109	149561.5
124456666 	72.4319	52.9907	150701.3
124633180 	72.4902	53.0859	150228.8
124809692 	72.5479	52.9307	149795.1
124985725 	72.6060	53.0570	149907.0
125162082 	72.6635	53.0905	150052.8
125337908 	72.7210	53.0050	150191.5
125513659 	72.7787	52.9028	149784.5
125689313 	72.8361	52.7136	149574.2
125865820 	72.8935	53.0383	150422.8
126041275 	72.9507	52.9756	149403.4
126217888 	73.0078	52.8192	150732.8
126393586 	73.0646	53.1229	149910.4
126569024 	73.1216	52.8594	149546.8
126745592 	73.1789	52.6669	150631.6
126921486 	73.2353	53.0970	149907.6
127097168 	73.2917	52.7760	150098.3
127272876 	73.3483	52.6479	149965.5
127447077 	73.4047	53.1693	148403.2
127624540 	73.4612	52.8570	150934.4
127800232 	73.5174	52.9030	149720.5
127976330 	73.5734	52.9565	150339.6
128151036 	73.6294	52.9798	148899.0
128326095 	73.6851	52.9852	149279.2
128502100 	73.7412	52.7097	150095.9
128678005 	73.7966	53.0780	150318.8
128853001 	73.8519	53.2005	149923.3
129028101 	73.9070	53.0044	149874.2
129202649 	73.9623	53.0054	149336.8
129378695 	74.0177	52.6872	150596.5
129554109 	74.0728	53.0341	149946.2
129730405 	74.1277	53.1573	150787.7
129905187 	74.1828	52.9800	149673.4
130080587 	74.2373	53.0788	150320.5
130256001 	74.2919	53.1646	150132.6
130431208 	74.3464	53.1872	149867.8
130606518 	74.4010	53.1248	150402.8
130781976 	74.4552	52.7742	150128.6
130956348 	74.5092	52.8732	149563.5
131131013 	74.5630	52.9950	150200.9
131306112 	74.6169	53.2178	150023.1
131480871 	74.6705	52.9135	149766.0
131655853 	74.7247	52.9095	150153.3
131830396 	74.7785	52.9656	149878.0
132005447 	74.8324	52.8211	150396.0
132181400 	74.8859	53.1230	150228.2
132356380 	74.9393	52.7978	150433.2
132530345 	74.9922	53.0033	149474.9
132704379 	75.0450	53.1964	149676.4
132879059 	75.0980	53.4073	150217.9
133053605 	75.1509	53.0697	149675.5
133227854 	75.2037	52.7822	150319.3
133401905 	75.2565	52.6252	149838.1
133575997 	75.3089	53.1170	149722.0
133749998 	75.3614	53.0939	149501.8
133924554 	75.4139	53.2705	149638.6
134099054 	75.4661	52.9614	150347.3
134273256 	75.5185	53.1376	149982.7
134447009 	75.5701	53.0353	149503.4
134622170 	75.6226	52.8556	150956.6
134796724 	75.6742	53.0155	149813.4
134970873 	75.7260	53.1309	150454.1
135145334 	75.7774	53.1914	150202.7
135319386 	75.8290	53.0998	150185.6
135493000 	75.8805	52.9141	150036.1
135665288 	75.9317	53.0088	148542.2
135839731 	75.9830	53.0149	150754.1
136013023 	76.0340	53.0876	149398.4
136185730 	76.0851	52.8224	149399.4
136359954 	76.1363	53.2930	150453.8
136534023 	76.1871	53.0885	150013.1
136707083 	76.2380	53.0074	149413.6
136880618 	76.2889	53.1654	150049.7
137054341 	76.3393	52.8906	150143.8
137227537 	76.3894	53.1744	149579.4
137400919 	76.4397	53.2714	149772.2
137574888 	76.4897	53.4257	150379.4
137747513 	76.5395	53.1539	149416.1
137920595 	76.5892	53.1944	150246.8
138093643 	76.6391	53.1258	149951.8
138266715 	76.6885	53.3596	149959.2
138440954 	76.7385	53.2280	150784.8
138614300 	76.7878	53.2693	150011.8
138787456 	76.8371	52.8033	150078.1
138960748 	76.8865	53.0641	150344.4
139133191 	76.9357	53.0048	149698.9
139306348 	76.9847	53.2675	150056.2
139478517 	77.0337	53.4948	149105.5
139651550 	77.0827	53.0385	150383.7
139823835 	77.1315	53.2043	149370.3
139996995 	77.1804	53.1110	150048.4
140169867 	77.2291	53.3524	150223.1
140343071 	77.2777	52.8609	150082.8
140516435 	77.3261	52.9240	150554.8
140689615 	77.3744	53.3783	149936.0
140862864 	77.4225	53.1020	150501.1
141035452 	77.4709	53.2906	149823.6
141208310 	77.5188	53.1563	149823.5
141381868 	77.5668	53.1037	150686.1
141554278 	77.6145	53.1935	149417.7
141726871 	77.6621	53.2526	150057.6
141899013 	77.7097	53.3837	149885.8
142071475 	77.7574	53.2130	150244.7
142243994 	77.8050	53.1328	150002.7
142416176 	77.8520	53.0184	149646.3
142588533 	77.8994	53.3929	150459.7
142760398 	77.9460	53.5206	149596.2
142932540 	77.9928	53.2932	150161.6
143104986 	78.0397	53.3570	150229.9
143277594 	78.0865	53.0917	150141.2
143450218 	78.1332	53.1972	150414.5
143622546 	78.1797	53.0903	149922.7
143794714 	78.2259	53.3520	150004.2
143965299 	78.2724	53.0419	149048.6
144136881 	78.3184	53.3524	149832.1
144309202 	78.3650	53.1264	150793.0
144479379 	78.4112	53.1757	148510.5
144651817 	78.4571	53.2139	150418.4
144823606 	78.5030	53.0612	150019.9
144994909 	78.5490	53.0184	149781.9
145166520 	78.5950	53.1047	150293.8
145338332 	78.6404	53.0939	149790.3
145509672 	78.6857	53.1490	150112.8
145680905 	78.7310	52.9248	149907.8
145851882 	78.7762	53.1891	149677.2
146023485 	78.8216	53.0548	150349.1
146194970 	78.8667	53.1217	149684.2
146365856 	78.9119	53.1580	149602.0
146536813 	78.9567	53.1644	149660.6
146707924 	79.0016	53.0245	149676.7
146879550 	79.0462	53.2714	150039.5
147050613 	79.0906	53.4244	149872.0
147222544 	79.1351	53.1143	150568.6
147393446 	79.1800	53.1971	149341.1
147565158 	79.2245	52.9167	150398.3
147736045 	79.2685	52.9548	149983.9
147907249 	79.3125	53.4523	150193.7
148077744 	79.3567	53.1987	149494.3
148249414 	79.4008	53.3988	150195.5
148419621 	79.4446	53.2172	149143.0
148589945 	79.4885	52.9722	149289.3
148760943 	79.5324	53.1652	150543.8
148931949 	79.5758	53.4318	150038.7
149101352 	79.6191	53.4583	149238.5
149273084 	79.6627	53.4469	150714.4
149443583 	79.7062	53.2281	149707.1
149615046 	79.7495	53.3489	150532.4
149785444 	79.7925	53.0941	149709.8
149956466 	79.8359	53.1403	150304.3
150127408 	79.8790	53.1568	149580.2
150298634 	79.9219	53.4173	150228.8
150469090 	79.9647	53.3179	150269.5
150639496 	80.0075	53.1562	149943.5
150810590 	80.0502	52.9676	150591.7
150980950 	80.0931	53.1052	149711.2
151151085 	80.1355	53.0805	149923.2
151322175 	80.1780	53.0538	150330.4
151492636 	80.2203	53.3218	149694.6
151663893 	80.2626	53.1482	150901.6
151834139 	80.3049	53.0980	149851.6
152004783 	80.3467	53.1655	150653.5
152174620 	80.3887	53.2276	149935.3
152344773 	80.4307	53.4340	149701.0
152514726 	80.4726	53.3955	149882.5
152685671 	80.5140	53.0320	150210.5
152855313 	80.5555	52.8868	149951.4
153024728 	80.5969	53.1053	149628.2
153194107 	80.6380	53.5764	149600.1
153364512 	80.6790	53.6277	150402.1
153534135 	80.7201	53.4781	149620.5
153704032 	80.7614	53.3122	150218.0
153873406 	80.8023	53.1968	149338.1
154043556 	80.8432	53.0314	150455.1
154212856 	80.8840	53.3109	149695.2
154382089 	80.9249	53.1706	149498.7
154552864 	80.9657	53.2417	150713.0
154722411 	81.0061	53.4025	149255.8
154892694 	81.0466	53.0334	150706.1
155062184 	81.0867	53.2528	149749.0
155231669 	81.1271	52.9481	149543.7
155401874 	81.1676	53.0257	150223.6
155571773 	81.2081	53.0943	149854.9
155742138 	81.2484	53.1161	150394.0
155912052 	81.2883	53.1878	149710.9
156081268 	81.3281	52.9298	149792.0
156251326 	81.3681	53.3578	150259.7
156420860 	81.4080	52.9539	149822.8
156591434 	81.4474	53.3469	150720.4
156759173 	81.4871	53.2310	148601.8
156928389 	81.5268	53.4089	150027.6
157098252 	81.5661	53.3603	150316.8
157266374 	81.6055	53.2005	149200.5
157435669 	81.6449	53.1775	149719.5
157605023 	81.6838	53.3200	150101.1
157774323 	81.7229	53.1384	150014.7
157943346 	81.7621	52.9246	149961.4
158112900 	81.8013	53.1929	150154.9
158282008 	81.8401	53.0433	150026.2
158451410 	81.8790	53.0410	150085.8
158620096 	81.9179	53.0591	149853.2
158789511 	81.9561	53.2454	150024.1
158958787 	81.9946	53.3881	150492.4
159127880 	82.0330	53.2872	148938.2
159297041 	82.0713	53.3933	150108.2
159465991 	82.1098	52.9215	150107.9
159634684 	82.1478	53.1378	149685.9
159802761 	82.1860	53.1346	149249.4
159971215 	82.2238	53.6103	149744.5
160140289 	82.2619	53.1522	150319.1
160308595 	82.2995	53.2128	148930.1
160477160 	82.3370	53.2017	150112.7
160645976 	82.3745	53.0683	150301.3
160814780 	82.4121	53.1860	150190.6
160983438 	82.4493	53.5381	149926.8
161152471 	82.4864	52.9240	149893.5
161320920 	82.5237	53.2795	150274.2
161489014 	82.5609	53.5268	149934.5
161657366 	82.5977	53.1608	150173.5
161825417 	82.6350	53.2167	149692.2
161993843 	82.6719	53.2211	150046.7
162162183 	82.7088	53.3501	150076.2
162329900 	82.7456	52.9689	148904.6
162498540 	82.7823	53.4142	150633.2
162666766 	82.8191	53.5736	149810.4
162835047 	82.8557	52.8653	149968.5
163003041 	82.8924	52.9673	149701.3
163171330 	82.9288	53.3940	149772.8
163339799 	82.9651	53.1910	150339.3
163506843 	83.0011	53.4850	148597.3
163674451 	83.0371	53.0943	149638.9
163841404 	83.0734	53.1740	148891.9
164009809 	83.1094	53.2280	150070.3
164177990 	83.1455	53.0474	150015.7
164345720 	83.1811	53.2053	149641.5
164513641 	83.2170	53.5628	150353.1
164681258 	83.2526	53.3761	149088.3
164849267 	83.2885	52.7915	150337.2
165017244 	83.3236	53.2753	150029.6
165185002 	83.3592	53.1539	150200.9
165352650 	83.3944	53.5331	149720.6
165520854 	83.4297	53.3702	149899.5
165688720 	83.4652	52.8446	150489.4
165856670 	83.5005	53.0456	149723.3
166024113 	83.5355	53.2809	149698.8
166191566 	83.5705	52.9452	149985.3
166358724 	83.6054	53.0381	149490.8
166526570 	83.6402	52.9344	150328.0
166694062 	83.6750	53.0910	149809.5
166861708 	83.7097	53.2533	150043.4
167029405 	83.7444	53.2389	149834.1
167197030 	83.7788	53.3111	150404.9
167364472 	83.8131	53.4039	150356.4
167532011 	83.8473	53.1116	150049.3
167699454 	83.8815	53.5114	149949.2
167866770 	83.9156	53.4450	150052.1
168034507 	83.9497	53.2736	150396.7
168202310 	83.9842	53.2354	149873.4
168369726 	84.0180	53.1730	150082.8
168537092 	84.0517	53.0045	149924.8
168704146 	84.0854	53.5517	150202.1
168870329 	84.1193	53.3165	149553.8
169037795 	84.1529	53.2596	150131.5
169204863 	84.1866	53.3857	150337.5
169371072 	84.2202	53.3468	149236.8
169538355 	84.2535	53.2398	150526.8
169705145 	84.2870	53.2474	150108.4
169871461 	84.3204	52.8646	149590.2
170038302 	84.3537	53.4486	150137.9
170205391 	84.3868	52.8556	150068.9
170372336 	84.4201	53.1847	150127.8
170539065 	84.4529	53.2451	149451.0
170705900 	84.4859	53.1103	150226.4
170871399 	84.5185	53.2114	148889.0
171037172 	84.5515	53.2390	150140.5
171203859 	84.5844	52.9178	150059.8
171370890 	84.6173	52.9705	150092.3
171538388 	84.6500	53.2313	150749.2
171705112 	84.6826	53.5106	149504.2
171871705 	84.7152	53.2326	149901.4
172038883 	84.7475	53.1333	150155.7
172206228 	84.7797	53.1260	150662.1
172372125 	84.8118	53.1646	149169.3
172538187 	84.8440	53.3973	149501.0
172705540 	84.8762	53.1598	150921.2
172871378 	84.9081	53.0965	149554.5
173037857 	84.9399	53.0386	150117.1
173203692 	84.9716	53.1932	150026.1
173369536 	85.0034	53.0720	149549.9
173535905 	85.0351	53.2707	149760.0
173702638 	85.0665	53.2285	150473.4
173868732 	85.0980	53.6882	149824.3
174034620 	85.1293	53.1623	150085.1
174200553 	85.1613	52.8025	150109.2
174366886 	85.1929	53.1164	149684.2
174532488 	85.2239	53.3012	149401.9
174697720 	85.2551	53.2290	149452.4
174864496 	85.2864	53.1071	150450.7
175030810 	85.3178	53.0716	150530.2
175197187 	85.3487	53.2544	149633.2
175362767 	85.3800	53.4444	150111.7
175529321 	85.4108	53.3779	150182.0
175693951 	85.4416	52.9612	149742.9
175860049 	85.4724	53.1510	150310.2
176024675 	85.5032	53.0063	149116.0
176191131 	85.5336	53.2033	150387.3
176355872 	85.5642	53.2202	149107.5
176521972 	85.5944	53.1840	150740.0
176686684 	85.6247	53.0229	149124.9
176852326 	85.6552	53.2292	151201.7
177017520 	85.6853	52.8807	149641.4
177183377 	85.7154	53.3523	150521.8
177348861 	85.7457	53.1282	149956.3
177512253 	85.7755	53.2590	148881.3
177677978 	85.8057	52.8714	150150.0
177844087 	85.8356	53.1173	150134.9
178009531 	85.8656	53.2381	149739.6
178175170 	85.8955	53.1301	149844.2
178340455 	85.9252	53.3552	149949.9
178506003 	85.9546	53.1257	150313.0
178671203 	85.9839	53.2428	149957.4
178836749 	86.0134	52.9623	150322.8
179001710 	86.0427	53.1683	150098.7
179166854 	86.0720	53.1000	150006.4
179332031 	86.1014	52.9145	150247.8
179495920 	86.1305	53.0907	148951.7
179661295 	86.1596	53.2473	149921.5
179826521 	86.1887	53.3516	150257.5
179992025 	86.2175	52.9837	149867.7
180156446 	86.2466	53.2598	149763.4
180322342 	86.2755	52.8893	150583.9
180486279 	86.3041	53.2626	149183.8
180650376 	86.3333	53.2177	149775.1
180815320 	86.3621	53.0243	150380.9
180980580 	86.3907	53.0778	150235.1
181145763 	86.4193	53.5049	149942.8
181310184 	86.4477	53.2000	149287.6
181475617 	86.4764	52.8503	150433.9
181640686 	86.5048	53.3085	149994.7
181804884 	86.5330	53.0211	149455.4
181968814 	86.5615	53.2095	150271.9
182132785 	86.5897	53.4006	149520.9
182298397 	86.6178	53.1003	150395.6
182463120 	86.6459	53.0650	150030.9
182627609 	86.6741	52.8969	149674.4
182792521 	86.7020	53.0836	149985.6
182957674 	86.7300	53.2177	150257.5
183122709 	86.7580	52.9029	150036.4
183287377 	86.7859	53.2845	149933.3
183450741 	86.8133	53.0414	149518.0
183613523 	86.8408	53.4699	149701.1
183777888 	86.8684	53.3939	149992.7
183942522 	86.8959	52.6639	150087.9
184107215 	86.9233	53.4900	150078.1
184271107 	86.9506	53.1889	149442.8
184435637 	86.9780	52.9467	150474.2
184599559 	87.0053	53.4007	149253.0
184764820 	87.0326	53.1648	150772.8
184929558 	87.0597	53.3071	149953.8
185093575 	87.0866	53.1996	150082.0
185257278 	87.1136	53.0152	149592.7
185420283 	87.1404	53.4086	150102.8
185584839 	87.1671	53.5128	150447.5
185747571 	87.1941	52.9906	148990.0
185911386 	87.2213	52.6795	149156.3
186075947 	87.2480	53.0726	150025.6
186240786 	87.2748	53.1754	150395.2
186405400 	87.3013	53.0624	150330.9
186569293 	87.3278	53.3035	149886.3
186733232 	87.3543	53.2244	149948.1
186897641 	87.3808	53.0551	150005.6
187062929 	87.4073	53.1673	150936.5
187226762 	87.4336	53.0268	149511.0
187390560 	87.4601	53.1793	150574.1
187553852 	87.4861	53.1478	149627.2
187717723 	87.5122	53.3946	150392.5
187881878 	87.5384	53.0697	150343.8
188045627 	87.5646	53.1372	150136.3
188209269 	87.5904	53.1389	149760.5
188372930 	87.6163	53.1933	149491.9
188537407 	87.6422	53.4091	150844.7
188701166 	87.6678	53.3922	149751.5
188865524 	87.6934	53.1805	150558.3
189029049 	87.7190	53.3988	149801.0
189191992 	87.7445	53.0174	149821.9
189355523 	87.7701	53.2064	149557.7
189519584 	87.7956	52.8792	150043.5
189683661 	87.8211	53.1690	149929.5
189847977 	87.8466	53.1752	150201.3
190011797 	87.8720	53.1042	150261.3
190175748 	87.8973	53.1536	149700.1
190339402 	87.9224	53.0918	150153.4
190503044 	87.9476	53.2930	149805.1
190666538 	87.9728	53.0698	149864.4
190830457 	87.9978	53.2780	150002.9
190993879 	88.0228	53.3920	149963.1
191156894 	88.0478	53.3904	150054.3
191319957 	88.0728	53.2706	149606.1
191484466 	88.0978	53.0841	150960.2
191648121 	88.1224	53.2325	149580.0
191811638 	88.1473	53.3079	150046.7
191975054 	88.1716	52.9544	149702.5
192138117 	88.1960	53.0506	150010.6
192301134 	88.2203	53.3357	149420.8
192463282 	88.2448	52.9845	149655.9
192626314 	88.2695	52.8765	150649.7
192790199 	88.2937	53.3746	149835.2
192953808 	88.3182	53.1033	150269.7
193116798 	88.3421	53.4796	149465.5
193279607 	88.3663	52.9949	150555.2
193442365 	88.3904	53.3138	150003.9
193605855 	88.4147	53.0719	150115.7
193768631 	88.4389	52.9933	149965.1
193931426 	88.4629	53.1403	149899.6
194094656 	88.4866	53.0777	150015.9
194257749 	88.5106	53.0877	150044.5
194420360 	88.5343	53.4909	150359.8
194583059 	88.5580	53.1574	149813.5
194745156 	88.5819	53.0627	150217.7
194907244 	88.6055	52.7176	149623.6
195070159 	88.6291	53.3196	149922.8
195233299 	88.6527	53.3202	149913.1
195396523 	88.6763	53.1680	149857.8
195559885 	88.6998	53.2078	150600.4
195723188 	88.7234	53.0581	149809.8
195885842 	88.7469	53.2336	149963.9
196048611 	88.7702	53.0900	149992.8
196211821 	88.7935	53.2363	150169.3
196374323 	88.8165	53.3259	149851.8
196537058 	88.8394	53.0404	150146.4
196699854 	88.8626	53.1525	150351.0
196861895 	88.8858	52.9013	149981.2
197024602 	88.9087	53.3319	150347.2
197186844 	88.9316	53.1198	149327.7
197348810 	88.9545	53.1445	149849.9
197511058 	88.9773	53.1922	149979.2
197673832 	89.0002	53.0219	150329.3
197835719 	89.0229	53.3941	149344.5
197998049 	89.0455	53.0840	150213.3
198160209 	89.0685	53.1876	150286.5
198322074 	89.0910	53.4764	149243.1
198485446 	89.1133	53.0095	151132.3
198646697 	89.1358	53.2213	149444.0
198809872 	89.1583	52.7082	150502.4
198972134 	89.1807	53.2275	149469.2
199134837 	89.2029	53.0708	150324.1
199296947 	89.2252	53.2712	150005.2
199458435 	89.2474	53.2003	149387.9
199620969 	89.2699	53.3879	150213.2
199783324 	89.2920	53.1269	149575.6
199945639 	89.3139	53.1947	150276.1
200107746 	89.3359	53.0899	149806.8
200270390 	89.3581	53.0764	150321.7
200431815 	89.3800	52.8189	149024.3
200593772 	89.4022	53.1430	150590.8
200756260 	89.4239	53.2001	150335.6
200918306 	89.4457	52.8385	149966.8
201079965 	89.4677	53.2075	149398.9
201242768 	89.4896	53.5100	150409.3
201405428 	89.5112	53.2326	150128.6
201567541 	89.5329	53.2517	149347.8
201730157 	89.5545	53.2185	150675.0
201892190 	89.5757	53.5735	149719.5
202053790 	89.5973	53.2640	150199.0
202215967 	89.6187	53.0549	149932.6
202377920 	89.6402	52.9555	150427.0
202539891 	89.6616	53.2545	149799.0
202702235 	89.6829	52.9469	150067.8
202864802 	89.7042	53.3807	150231.3
203026997 	89.7252	53.5564	149805.5
203189579 	89.7465	53.3348	150448.2
203352039 	89.7674	53.1454	149784.4
203514131 	89.7883	53.2898	149994.5
203676034 	89.8090	53.4308	149837.9
203836951 	89.8299	53.3145	149795.1
203999031 	89.8506	53.0302	150094.5
204159494 	89.8717	53.0219	149325.1
204322077 	89.8923	52.9640	150304.7
204483071 	89.9128	53.2188	150070.8
204644352 	89.9333	53.5772	149802.9
204806363 	89.9539	53.2365	150050.5
204968660 	89.9746	53.3827	150267.3
205129833 	89.9953	53.2944	149440.6
205290789 	90.0160	52.9529	149315.9
205452068 	90.0362	53.4003	149513.1
205613464 	90.0566	53.3938	150058.8
205775618 	90.0769	52.4081	150195.3
205936731 	90.0974	53.2357	149661.1
206097855 	90.1175	52.9722	149400.7
206257368 	90.1375	53.2570	148914.2
206418237 	90.1576	52.8712	150031.4
206578936 	90.1778	53.2550	150343.3
206740561 	90.1978	53.2700	149942.3
206900858 	90.2176	53.0370	149550.0
207061946 	90.2375	52.7631	149813.5
207223578 	90.2573	53.3760	149853.5
207384768 	90.2770	53.4822	149953.0
207546028 	90.2970	53.3065	149579.4
207707848 	90.3167	53.2973	150007.1
207869235 	90.3366	53.1840	150298.7
208030592 	90.3563	53.2232	149582.3
208192441 	90.3761	53.0900	150998.8
208352427 	90.3959	52.8539	148603.9
208514063 	90.4154	53.2702	150181.9
208674841 	90.4350	53.2758	150079.6
208836010 	90.4544	53.3756	150045.0
208997135 	90.4738	53.3363	150093.6
209157627 	90.4931	53.4965	149623.8
209319168 	90.5126	52.7646	150809.1
209478528 	90.5321	53.0984	148432.8
209640641 	90.5514	52.9501	150831.3
209800479 	90.5708	53.0831	148745.2
209961415 	90.5899	53.2974	149920.7
210122615 	90.6090	53.1580	150125.4
210283358 	90.6280	53.0458	150034.0
210444423 	90.6472	53.2207	149916.2
210605455 	90.6662	53.0922	150259.2
210766642 	90.6854	53.2091	150405.6
210927126 	90.7042	53.1643	149245.8
211087678 	90.7233	52.8945	149799.7
211248852 	90.7420	53.2391	149718.8
211410665 	90.7610	53.2348	150843.1
211570810 	90.7799	53.2573	149387.9
211731993 	90.7985	53.2873	150494.4
211892507 	90.8173	53.1799	149862.4
212053743 	90.8359	53.0182	150145.3
212214008 	90.8545	52.9981	149554.2
212375006 	90.8730	53.3371	150012.7
212535595 	90.8915	53.0817	150059.3
212696010 	90.9100	53.1344	149618.0
212857026 	90.9286	53.2866	150388.1
213017174 	90.9471	52.9831	149562.7
213178572 	90.9655	52.9914	150647.8
213339064 	90.9837	53.2292	149772.5
213500557 	91.0019	53.1135	150558.1
213660396 	91.0201	53.1883	149259.4
213822310 	91.0384	52.9832	151016.2
213983336 	91.0567	53.3401	150375.0
214143797 	91.0748	52.9212	149597.1
214305191 	91.0929	53.4448	150768.3
214465356 	91.1109	52.9837	149298.6
214626217 	91.1290	53.1417	150238.7
214786143 	91.1469	53.3362	149186.5
214945633 	91.1647	53.2941	149640.2
215106212 	91.1823	52.7611	150244.9
215266514 	91.2002	53.0463	149930.3
215427417 	91.2178	53.0185	150286.3
215585990 	91.2354	53.4613	148776.7
215746356 	91.2532	53.2907	150179.6
215906288 	91.2709	52.9745	149184.5
216067664 	91.2886	53.5658	150922.8
216227871 	91.3062	53.2937	149125.0
216389295 	91.3238	53.2308	150932.7
216549418 	91.3416	53.2966	149466.2
216710768 	91.3591	53.2085	150607.3
216871239 	91.3766	53.0543	149950.6
217031332 	91.3938	53.2859	149700.4
217191324 	91.4113	53.1703	149933.3
217351314 	91.4287	52.9989	149486.8
217512586 	91.4456	53.2641	150714.0
217671234 	91.4627	53.4374	149625.8
217831272 	91.4798	53.2306	149937.3
217990762 	91.4968	52.9285	149570.9
218150408 	91.5141	53.3481	150296.4
218310070 	91.5313	53.2399	149452.5
218470757 	91.5483	53.2091	150396.4
218628987 	91.5651	53.3879	148403.7
218788051 	91.5821	53.2989	148914.3
218948373 	91.5990	53.2366	150031.5
219108082 	91.6159	53.3327	149291.3
219268391 	91.6328	53.1789	150179.5
219427750 	91.6496	53.3782	149706.8
219589353 	91.6663	53.1938	151229.7
219747810 	91.6831	53.5953	149594.3
219907845 	91.6998	53.3034	150260.1
220067449 	91.7165	53.1080	149389.1
220226335 	91.7331	53.1972	149665.3
220384868 	91.7498	53.1521	149075.1
220544974 	91.7663	52.9482	150100.7
220704667 	91.7828	53.1406	149696.1
220865245 	91.7992	53.1299	150037.4
221024994 	91.8155	53.0278	150185.0
221184362 	91.8320	53.1096	150017.6
221345194 	91.8485	53.1827	150564.7
221504349 	91.8648	53.2390	149657.3
221664167 	91.8812	53.2981	149814.4
221824181 	91.8975	53.0675	150267.8
221984132 	91.9137	53.1614	150563.1
222144009 	91.9300	53.3963	149448.6
222303087 	91.9461	53.0456	149601.2
222464154 	91.9624	53.3435	150950.3
222623318 	91.9783	53.0040	149665.6
222782944 	91.9944	52.9751	150101.9
222941771 	92.0104	52.8770	149657.2
223101718 	92.0266	53.3712	150483.5
223260539 	92.0422	53.1316	148806.1
223420421 	92.0582	52.9943	150440.9
223579083 	92.0740	53.2143	149305.2
223738666 	92.0896	53.1837	150435.8
223897959 	92.1054	53.1106	150308.7
224057600 	92.1212	53.2654	150299.2
224216636 	92.1369	53.2768	149795.3
224375826 	92.1526	53.3368	149865.0
224535157 	92.1683	53.3515	150113.9
224695371 	92.1841	53.3192	150498.4
224855624 	92.1998	53.2903	150595.3
225014479 	92.2155	53.2278	149197.6
225174522 	92.2309	52.8682	150770.1
225333493 	92.2463	53.5686	149458.3
225493170 	92.2618	53.1750	149871.4
225652961 	92.2772	52.8444	150582.3
225812437 	92.2926	53.0523	150143.5
225971640 	92.3081	52.8477	150012.5
226130335 	92.3232	53.1732	149448.2
226289733 	92.3386	53.1174	150105.6
226449125 	92.3539	53.3292	149807.6
226607497 	92.3691	52.7690	149495.6
226766074 	92.3844	53.1856	149000.5
226925833 	92.3997	52.8415	150663.1
227084460 	92.4146	53.0330	149621.3
227243751 	92.4297	52.7650	149960.3
227403181 	92.4446	53.2366	150437.5
227562192 	92.4596	53.0634	150161.8
227721115 	92.4746	53.2705	149389.6
227880990 	92.4894	52.9438	150342.1
228040233 	92.5043	53.0084	150025.0
228199479 	92.5192	53.0478	149961.1
228358374 	92.5341	52.8703	149746.4
228517167 	92.5491	53.2255	149413.3
228676802 	92.5639	52.9929	150620.3
228835931 	92.5787	52.7860	149516.7
228995051 	92.5934	53.1273	149997.2
229154078 	92.6080	53.2697	150007.7
229312922 	92.6227	53.1242	149803.2
229471391 	92.6374	53.2999	149366.5
229630766 	92.6520	53.1351	150077.6
229790738 	92.6666	52.8536	150738.1
229949653 	92.6812	53.0697	149585.9
230109148 	92.6957	53.1005	150418.9
230268051 	92.7101	53.3138	149792.8
230427352 	92.7245	53.2191	150176.0
230586911 	92.7388	53.1639	149874.0
230746135 	92.7532	53.1399	150352.2
230905054 	92.7676	53.2044	149666.7
231063617 	92.7821	53.1489	149335.6
231222944 	92.7964	52.9486	150387.1
231381975 	92.8106	53.3561	150054.7
231540182 	92.8249	53.1007	149717.9
231698677 	92.8390	52.8926	149492.3
231858427 	92.8531	53.3401	150458.1
232016253 	92.8672	53.2199	148871.1
232175093 	92.8814	53.2443	150336.4
232333976 	92.8955	53.1335	149665.7
232493546 	92.9095	53.2564	150384.8
232651116 	92.9236	53.2354	148818.1
232809715 	92.9374	53.1995	150437.0
232968156 	92.9516	52.9542	149982.3
233126788 	92.9656	52.9801	149997.3
233285082 	92.9794	52.9686	149817.5
233443565 	92.9931	53.1284	150024.7
233602135 	93.0070	53.2336	149959.9
233760754 	93.0207	53.1700	149435.3
233920775 	93.0345	52.8640	151179.3
234079171 	93.0482	53.1108	149860.4
234237998 	93.0619	53.2282	150093.1
234396261 	93.0753	53.2672	149084.0
234555616 	93.0892	53.2042	150636.5
234713706 	93.1028	52.8992	149690.3
234872955 	93.1164	53.1441	150599.1
235031196 	93.1296	53.3664	149967.7
235188793 	93.1431	53.2018	149289.6
235346161 	93.1566	53.0565	148839.7
235504630 	93.1700	52.9912	149688.9
235663678 	93.1832	53.1548	150585.8
235820678 	93.1963	52.9909	149397.5
235978476 	93.2097	52.9186	150305.3
236136145 	93.2231	53.5120	149314.7
236294945 	93.2363	52.9344	149992.6
236452820 	93.2493	53.1626	149908.3
236610119 	93.2627	53.3258	149207.9
236768403 	93.2758	53.2299	149867.3
236926395 	93.2889	53.1187	150114.3
237084481 	93.3020	53.0602	149596.3
237242932 	93.3150	53.1101	149868.6
237400728 	93.3283	53.0289	149834.5
237559301 	93.3411	52.6576	150089.8
237717781 	93.3540	53.2120	150037.8
237875629 	93.3671	53.0624	149689.6
238033914 	93.3801	53.2284	150583.1
238191695 	93.3929	53.2205	149883.2
238349362 	93.4059	53.1516	150426.4
238506994 	93.4187	52.7925	149738.8
238664927 	93.4316	53.0232	150102.0
238822768 	93.4444	52.8097	150118.0
238980264 	93.4571	53.3982	149398.0
239137626 	93.4698	52.9962	149158.7
239295449 	93.4824	53.4591	149930.2
239453537 	93.4949	53.3560	149925.2
239611412 	93.5074	53.0640	149476.1
239769722 	93.5201	53.3009	150776.2
239926965 	93.5327	52.9890	149993.5
240086189 	93.5455	53.3240	150619.4
240244832 	93.5581	53.3874	149891.9
240403735 	93.5707	53.3493	150542.2
240561645 	93.5832	53.3048	149662.1
240720015 	93.5957	53.1543	150388.7
240877660 	93.6080	53.1790	149824.2
241035623 	93.6205	53.2002	150131.4
241193134 	93.6329	53.5533	149633.4
241350770 	93.6451	53.0764	149676.2
241508879 	93.6574	53.0463	150206.2
241666912 	93.6699	52.7876	150102.2
241825693 	93.6824	53.0328	150533.0
241983684 	93.6945	53.0963	149423.4
242141169 	93.7067	53.0063	149790.4
242299048 	93.7189	53.3369	149739.9
242458017 	93.7311	53.2076	150815.0
242616376 	93.7432	53.2768	150076.9
242774402 	93.7551	52.7384	150202.7
242931877 	93.7674	53.3969	149977.8
243088203 	93.7794	52.8791	148564.5
243245104 	93.7915	53.0806	149216.1
243403303 	93.8036	52.5277	150364.8
243560913 	93.8157	53.1008	149724.6
243718804 	93.8276	53.3345	149729.5
243877251 	93.8396	52.9927	150557.8
244035223 	93.8516	53.5923	149707.7
244193390 	93.8636	53.2576	149987.4
244351558 	93.8752	53.1358	149949.6
244508772 	93.8869	53.1755	149826.4
244666396 	93.8988	53.1706	150042.4
244824211 	93.9107	52.8290	149880.8
244980817 	93.9225	53.1522	149205.8
245138495 	93.9342	52.9963	149855.5
245296278 	93.9459	53.3094	149878.4
245453853 	93.9578	53.1899	149947.9
245611669 	93.9693	53.2942	150157.4
245769179 	93.9809	53.0736	149741.1
245926549 	93.9924	53.2540	149877.6
246083737 	94.0038	53.1056	149771.8
246242009 	94.0153	53.4458	150628.4
246399603 	94.0266	52.9672	149560.9
246557486 	94.0382	53.0932	150383.7
246714325 	94.0496	53.3240	149238.6
246872385 	94.0611	53.0581	150363.9
247029062 	94.0726	52.9788	149354.3
247186905 	94.0839	53.3933	150139.5
247344709 	94.0954	53.2076	150053.2
247501949 	94.1066	53.0972	149744.1
247659215 	94.1179	53.5878	149579.3
247816794 	94.1291	53.1512	149562.3
247974777 	94.1406	53.5012	150454.6
248132292 	94.1518	53.1468	149675.1
248290007 	94.1629	53.2484	150330.3
248447687 	94.1741	53.4440	149742.2
248604810 	94.1852	53.1421	149655.9
248761838 	94.1963	53.1984	149341.4
248919795 	94.2074	53.0881	150362.4
249077615 	94.2184	53.2429	149714.6
249235156 	94.2295	53.0130	150237.9
249392973 	94.2405	52.9897	150193.6
249550364 	94.2516	53.1838	149763.9
249707953 	94.2625	52.7548	149975.9
249865106 	94.2734	53.1288	149030.4
250022131 	94.2844	53.1075	149692.2
250179531 	94.2953	53.4544	149849.2
250337078 	94.3062	53.4019	149965.1
250494278 	94.3171	53.1406	149926.6
250651945 	94.3280	53.1317	150514.0
250809101 	94.3388	53.1752	149601.9
250966955 	94.3495	53.4279	150120.3
251124351 	94.3601	52.9330	150054.9
251280513 	94.3707	53.2217	149610.4
251437964 	94.3815	53.3220	149934.5
251595487 	94.3921	53.2620	150228.2
251753028 	94.4030	53.3704	150591.9
251910311 	94.4136	52.9167	149562.9
252067150 	94.4241	53.4047	150214.1
252224236 	94.4348	52.8741	149727.4
252381672 	94.4453	53.3889	150062.8
252538471 	94.4559	53.2744	149873.3
252696622 	94.4665	52.7912	150768.6
252854241 	94.4770	53.4595	150116.2
253012030 	94.4874	52.9940	150415.1
253168775 	94.4979	53.2317	149830.7
253325802 	94.5084	53.2185	150276.0
253482169 	94.5188	52.7448	149336.7
253639735 	94.5294	52.7895	150759.4
253796976 	94.5400	53.2103	150104.7
253954059 	94.5504	53.1783	149793.9
254110629 	94.5609	53.0211	149883.4
254268135 	94.5710	53.0290	149815.7
254424206 	94.5813	53.1156	150515.3
254580931 	94.5916	53.2720	149642.1
254738007 	94.6018	53.5015	150476.7
254894892 	94.6119	52.9741	149737.3
255051090 	94.6220	53.5599	149728.8
255208846 	94.6321	53.0814	150493.9
255365667 	94.6423	53.2903	150247.5
255522101 	94.6525	53.2390	149490.0
255679026 	94.6625	53.0685	150171.2
255836179 	94.6726	53.1581	150086.5
255992486 	94.6827	53.2556	149412.8
256150266 	94.6929	53.2023	150609.6
256307442 	94.7031	53.0036	150264.7
256464914 	94.7129	52.9422	150327.3
256621001 	94.7229	53.6231	149479.1
256777288 	94.7328	53.4353	149741.5
256933615 	94.7427	53.0650	149715.4
257090843 	94.7527	53.0369	150568.5
257247502 	94.7626	52.9326	149549.7
257404992 	94.7725	53.2580	150657.8
257561073 	94.7822	53.3459	149538.7
257717510 	94.7918	52.9477	150363.2
257873624 	94.8016	53.4337	149993.9
258030064 	94.8114	53.0781	150095.3
258186404 	94.8210	52.9088	149353.8
258343439 	94.8307	53.3836	150273.4
258500065 	94.8404	53.2240	150306.1
258655750 	94.8500	53.2973	148906.9
258814265 	94.8597	52.7268	151470.7
258970401 	94.8692	52.8427	149732.8
259126591 	94.8789	52.9056	149506.2
259283420 	94.8886	53.2055	149525.7
259440939 	94.8985	53.0695	151071.3
259597887 	94.9080	52.8999	150154.1
259754107 	94.9176	53.0654	149474.5
259911420 	94.9271	53.1964	150619.9
260067748 	94.9367	53.0191	150239.1
260223032 	94.9462	53.2104	148808.4
260379426 	94.9558	53.0106	150442.2
260536166 	94.9653	53.0139	150260.9
260692390 	94.9746	53.3385	149798.6
260849211 	94.9841	53.2480	150418.6
261004304 	94.9935	52.8613	149238.0
261161368 	95.0030	53.0067	150838.9
261318036 	95.0123	52.7134	149581.0
261473309 	95.0216	53.3023	149142.9
261629981 	95.0308	53.4612	150110.1
261786701 	95.0402	53.1178	149909.8
261943049 	95.0495	53.0856	149787.0
262099724 	95.0588	53.1478	150362.5
262255500 	95.0678	53.0419	149742.7
262410930 	95.0770	53.3351	149423.8
262566637 	95.0862	52.9881	149295.5
262723185 	95.0954	52.9266	150251.5
262879436 	95.1048	53.2980	150228.2
263035048 	95.1139	53.2505	149512.1
263192042 	95.1230	53.0938	150754.4
263348075 	95.1321	52.7996	149609.5
263504135 	95.1411	53.0687	150730.1
263660533 	95.1501	52.9826	149587.9
263815953 	95.1591	52.7204	149453.7
263971681 	95.1681	53.0353	148911.9
264127524 	95.1771	53.0886	150458.1
264283149 	95.1861	53.3184	149641.9
264439019 	95.1950	53.3043	150300.9
264594633 	95.2040	53.2759	149710.9
264750888 	95.2127	53.6076	149924.1
264906929 	95.2215	53.3275	149488.5
265062726 	95.2304	53.3709	149649.7
265219342 	95.2392	53.0669	150168.1
265375232 	95.2480	53.0485	150510.3
265531649 	95.2570	52.8768	150040.0
265688010 	95.2658	53.3697	149538.9
265844993 	95.2747	53.2037	150909.9
266000015 	95.2834	53.3751	148801.9
266157083 	95.2922	52.8474	150791.2
266312789 	95.3009	53.0343	149264.9
266469685 	95.3097	53.2249	150840.1
266625326 	95.3183	53.1940	149576.8
266781535 	95.3269	53.2333	150118.1
266936314 	95.3355	53.3806	148665.4
267093771 	95.3441	53.1145	150708.0
267248715 	95.3528	52.9139	149248.8
267405280 	95.3614	53.0597	150588.3
267560975 	95.3699	52.9434	149666.1
267717595 	95.3784	52.9095	150494.6
267873693 	95.3870	53.1059	149894.9
268029247 	95.3957	53.2368	149854.6
268185774 	95.4044	52.9561	150275.0
268342068 	95.4127	53.0712	149743.9
268497912 	95.4214	53.1624	149790.1
268654396 	95.4298	53.4179	150284.5
268810597 	95.4382	53.0336	150263.9
268966581 	95.4466	52.9463	150069.0
269122711 	95.4550	53.2566	150133.4
269277822 	95.4635	53.2458	149538.9
269434466 	95.4720	53.3001	151114.6
269590121 	95.4803	52.7851	149944.4
269746438 	95.4886	52.9269	150175.4
269901418 	95.4968	53.3797	148931.3
270055895 	95.5051	53.0506	149480.3
270212201 	95.5134	53.0648	150171.6
270367702 	95.5215	53.0074	149698.8
270523763 	95.5298	53.1990	150463.4
270679268 	95.5380	52.8438	149529.4
270836479 	95.5463	53.0753	151253.7
270992620 	95.5545	53.0321	149714.1
271148968 	95.5626	53.1488	150545.8
271304079 	95.5709	53.1230	149433.9
271460488 	95.5789	53.3183	150366.1
271616395 	95.5871	52.9955	149867.2
271771500 	95.5951	52.8499	150189.0
271926652 	95.6031	53.0253	149998.4
272082431 	95.6111	53.0805	149719.7
272238062 	95.6192	53.4105	149825.7
272392388 	95.6272	53.0924	149732.1
272548277 	95.6351	53.3476	150036.4
272704087 	95.6431	53.1094	149945.2
272859268 	95.6510	53.4370	149491.4
273013450 	95.6590	53.2910	149522.6
273169044 	95.6667	53.2903	150659.3
273323747 	95.6746	52.9952	149322.0
273479649 	95.6825	53.2481	150272.4
273636104 	95.6903	53.1722	150086.4
273791761 	95.6982	52.8287	150227.2
273947309 	95.7061	53.1201	150091.1
274103109 	95.7140	52.8158	150520.9
274258248 	95.7219	53.3425	149568.8
274414521 	95.7297	53.4136	150611.8
274569462 	95.7375	53.1527	149788.9
274725276 	95.7453	53.1005	150036.0
274880715 	95.7530	52.9013	150101.3
275036342 	95.7606	53.1142	149861.7
275191589 	95.7684	53.2835	149987.4
275347332 	95.7760	53.4344	149988.5
275502264 	95.7837	53.1229	150101.8
275657278 	95.7913	53.0286	149655.6
275812435 	95.7991	52.9378	149616.2
275968135 	95.8068	53.0597	150155.8
276123822 	95.8143	53.0710	150162.6
276279478 	95.8219	53.3145	149992.6
276435473 	95.8296	52.7852	150406.2
276590117 	95.8371	52.9944	149215.8
276745658 	95.8448	52.8387	150630.2
276900330 	95.8523	53.1234	149140.5
277055778 	95.8598	53.1664	150164.8
277210911 	95.8672	53.4137	149568.6
277364561 	95.8746	53.2138	149796.5
277519051 	95.8821	53.0478	149029.1
277672381 	95.8896	53.1781	149550.7
277828235 	95.8972	53.1635	150644.0
277984231 	95.9046	53.0949	150061.8
278139506 	95.9120	53.1189	150152.4
278294971 	95.9195	53.1733	150171.0
278450800 	95.9269	53.1098	150430.4
278606394 	95.9343	52.9434	149823.8
278761357 	95.9416	53.1527	149999.9
278916966 	95.9490	53.2427	150395.4
279072799 	95.9563	52.8264	150089.0
279227342 	95.9637	53.4142	149521.3
279382713 	95.9709	53.2683	150684.3
279537742 	95.9783	52.9653	149927.1
279692979 	95.9856	53.1748	150166.9
279848755 	95.9929	53.2450	150160.3
280003783 	96.0000	53.3025	150037.2
280159334 	96.0073	53.0475	150126.0
280314472 	96.0145	53.3193	149669.5
280470114 	96.0217	52.9411	150566.4
280624556 	96.0286	53.0079	149641.8
280746526 	96.0343	52.9733	118576.8
280798569 	96.0356	53.1402	50424.3